image,image_height,image_width,seed,noise_family,noise_level,achieved_snr_db,actual_impulse_density,normalization,method,method_label,hog_cosine_similarity,hog_relative_error,common_reference_cosine,common_reference_relative_error,clean_fidelity_cosine,clean_fidelity_relative_error
Images/cameraman.png,256,256,11,saltpepper,1.0,,0.0099945068359375,L2,A_sobel_standard,A: Sobel + Standard HOG,0.8666711354766301,0.5163891256085299,0.8129132088653579,0.6116972962743028,1.0,0.0
Images/cameraman.png,256,256,11,saltpepper,1.0,,0.0099945068359375,L2,B_taylor_standard,B: Taylor + Standard HOG,0.972544722634658,0.23433001244118157,0.972544722634658,0.23433001244118157,1.0,0.0
Images/cameraman.png,256,256,11,saltpepper,1.0,,0.0099945068359375,L2,C_taylor_robust,C: Taylor + Robust HOG,0.9959842394346466,0.08961875434699276,0.9932429319288169,0.11625031674092899,0.9962253746774977,0.08688642382446306
Images/cameraman.png,256,256,11,saltpepper,1.0,,0.0099945068359375,L2-Hys,A_sobel_standard,A: Sobel + Standard HOG,0.8993269196073909,0.44871612494464586,0.8543260361002711,0.5397665493547538,1.0,0.0
Images/cameraman.png,256,256,11,saltpepper,1.0,,0.0099945068359375,L2-Hys,B_taylor_standard,B: Taylor + Standard HOG,0.9827131241651219,0.18594018304232587,0.9827131241651219,0.18594018304232587,1.0,0.0
Images/cameraman.png,256,256,11,saltpepper,1.0,,0.0099945068359375,L2-Hys,C_taylor_robust,C: Taylor + Robust HOG,0.9958129092541717,0.09151055399061568,0.9935906125514044,0.1132200286930197,0.9972562393500204,0.07407780571787276
Images/cameraman.png,256,256,11,saltpepper,5.0,,0.0500030517578125,L2,A_sobel_standard,A: Sobel + Standard HOG,0.802313407463383,0.6287870745119031,0.7545173163530954,0.7006892087750601,1.0,0.0
Images/cameraman.png,256,256,11,saltpepper,5.0,,0.0500030517578125,L2,B_taylor_standard,B: Taylor + Standard HOG,0.8711738501698032,0.5075946213863958,0.8711738501698032,0.5075946213863958,1.0,0.0
Images/cameraman.png,256,256,11,saltpepper,5.0,,0.0500030517578125,L2,C_taylor_robust,C: Taylor + Robust HOG,0.9525861292509199,0.30794113317022326,0.9512844555182954,0.31213953444478937,0.9962253746774977,0.08688642382446306
Images/cameraman.png,256,256,11,saltpepper,5.0,,0.0500030517578125,L2-Hys,A_sobel_standard,A: Sobel + Standard HOG,0.8283881975095092,0.5858528868187042,0.789097546368745,0.6494650931976178,1.0,0.0
Images/cameraman.png,256,256,11,saltpepper,5.0,,0.0500030517578125,L2-Hys,B_taylor_standard,B: Taylor + Standard HOG,0.906734053209234,0.43189338219584533,0.906734053209234,0.43189338219584533,1.0,0.0
Images/cameraman.png,256,256,11,saltpepper,5.0,,0.0500030517578125,L2-Hys,C_taylor_robust,C: Taylor + Robust HOG,0.9633033535214046,0.27091196532839246,0.961184230720356,0.27862436821008624,0.9972562393500204,0.07407780571787276
Images/cameraman.png,256,256,11,saltpepper,10.0,,0.100006103515625,L2,A_sobel_standard,A: Sobel + Standard HOG,0.7680962503750163,0.6810341395627472,0.7237816998119255,0.7432607889403029,1.0,0.0
Images/cameraman.png,256,256,11,saltpepper,10.0,,0.100006103515625,L2,B_taylor_standard,B: Taylor + Standard HOG,0.8159137792660948,0.6067721495485915,0.8159137792660948,0.6067721495485915,1.0,0.0
Images/cameraman.png,256,256,11,saltpepper,10.0,,0.100006103515625,L2,C_taylor_robust,C: Taylor + Robust HOG,0.8576338560286476,0.5336031183779862,0.8557666260755323,0.5370910051834242,0.9962253746774977,0.08688642382446306
Images/cameraman.png,256,256,11,saltpepper,10.0,,0.100006103515625,L2-Hys,A_sobel_standard,A: Sobel + Standard HOG,0.8057600518854185,0.6232815545565519,0.7685102892622505,0.6804259118413588,1.0,0.0
Images/cameraman.png,256,256,11,saltpepper,10.0,,0.100006103515625,L2-Hys,B_taylor_standard,B: Taylor + Standard HOG,0.8536408890243917,0.5410343999810422,0.8536408890243917,0.5410343999810422,1.0,0.0
Images/cameraman.png,256,256,11,saltpepper,10.0,,0.100006103515625,L2-Hys,C_taylor_robust,C: Taylor + Robust HOG,0.8890346930065793,0.47109512202234943,0.885670438035576,0.47818314894622244,0.9972562393500204,0.07407780571787276
Images/cameraman.png,256,256,11,gaussian,10.0,9.994355435375216,,L2,A_sobel_standard,A: Sobel + Standard HOG,0.8468391050061966,0.5534634495498407,0.8016059533400485,0.6299111789132746,1.0,0.0
Images/cameraman.png,256,256,11,gaussian,10.0,9.994355435375216,,L2,B_taylor_standard,B: Taylor + Standard HOG,0.845123221556632,0.5565550798319449,0.845123221556632,0.5565550798319449,1.0,0.0
Images/cameraman.png,256,256,11,gaussian,10.0,9.994355435375216,,L2,C_taylor_robust,C: Taylor + Robust HOG,0.8460375608542615,0.5549097929316842,0.8437861357100767,0.5589523491138161,0.9962253746774977,0.08688642382446306
Images/cameraman.png,256,256,11,gaussian,10.0,9.994355435375216,,L2-Hys,A_sobel_standard,A: Sobel + Standard HOG,0.8731188497136306,0.5037482511989692,0.8341713263785718,0.5758969936223773,1.0,0.0
Images/cameraman.png,256,256,11,gaussian,10.0,9.994355435375216,,L2-Hys,B_taylor_standard,B: Taylor + Standard HOG,0.8730825684699377,0.5038202686195388,0.8730825684699377,0.5038202686195388,1.0,0.0
Images/cameraman.png,256,256,11,gaussian,10.0,9.994355435375216,,L2-Hys,C_taylor_robust,C: Taylor + Robust HOG,0.8764703724551091,0.4970505558800889,0.872261615018412,0.5054470990867616,0.9972562393500204,0.07407780571787276
Images/cameraman.png,256,256,11,gaussian,20.0,19.994355435375216,,L2,A_sobel_standard,A: Sobel + Standard HOG,0.9146956529480552,0.41304805302033626,0.8652009108724673,0.5192284451521033,1.0,0.0
Images/cameraman.png,256,256,11,gaussian,20.0,19.994355435375216,,L2,B_taylor_standard,B: Taylor + Standard HOG,0.9106522998614082,0.42272378721475656,0.9106522998614082,0.42272378721475656,1.0,0.0
Images/cameraman.png,256,256,11,gaussian,20.0,19.994355435375216,,L2,C_taylor_robust,C: Taylor + Robust HOG,0.9095751008413465,0.42526438637312536,0.9079886713045406,0.42897862113504187,0.9962253746774977,0.08688642382446306
Images/cameraman.png,256,256,11,gaussian,20.0,19.994355435375216,,L2-Hys,A_sobel_standard,A: Sobel + Standard HOG,0.9330261261283895,0.3659887262558487,0.8905269337860447,0.46791680076174297,1.0,0.0
Images/cameraman.png,256,256,11,gaussian,20.0,19.994355435375216,,L2-Hys,B_taylor_standard,B: Taylor + Standard HOG,0.9300569135656723,0.3740135998484188,0.9300569135656723,0.3740135998484188,1.0,0.0
Images/cameraman.png,256,256,11,gaussian,20.0,19.994355435375216,,L2-Hys,C_taylor_robust,C: Taylor + Robust HOG,0.9300299797506846,0.3740856058464345,0.9278526728901076,0.3798613618455568,0.9972562393500204,0.07407780571787276
Images/cameraman.png,256,256,11,gaussian,30.0,29.994355435375212,,L2,A_sobel_standard,A: Sobel + Standard HOG,0.9591527008417883,0.2858226693536116,0.9068658404323569,0.43158813599922974,1.0,0.0
Images/cameraman.png,256,256,11,gaussian,30.0,29.994355435375212,,L2,B_taylor_standard,B: Taylor + Standard HOG,0.9634603372026852,0.27033188046294243,0.9634603372026852,0.27033188046294243,1.0,0.0
Images/cameraman.png,256,256,11,gaussian,30.0,29.994355435375212,,L2,C_taylor_robust,C: Taylor + Robust HOG,0.96215699361098,0.27511090995822174,0.959660292918951,0.2840412191251441,0.9962253746774977,0.08688642382446306
Images/cameraman.png,256,256,11,gaussian,30.0,29.994355435375212,,L2-Hys,A_sobel_standard,A: Sobel + Standard HOG,0.9685705663289215,0.2507167073464245,0.9237060988353432,0.39062488698479586,1.0,0.0
Images/cameraman.png,256,256,11,gaussian,30.0,29.994355435375212,,L2-Hys,B_taylor_standard,B: Taylor + Standard HOG,0.9710060079428745,0.24080694365956823,0.9710060079428745,0.24080694365956823,1.0,0.0
Images/cameraman.png,256,256,11,gaussian,30.0,29.994355435375212,,L2-Hys,C_taylor_robust,C: Taylor + Robust HOG,0.9701818846553638,0.244205304384864,0.9680647045267795,0.2527263162931214,0.9972562393500204,0.07407780571787276
Images/cameraman.png,256,256,29,saltpepper,1.0,,0.0099945068359375,L2,A_sobel_standard,A: Sobel + Standard HOG,0.868387734256792,0.513054121400869,0.8129591476537973,0.6116221911379713,1.0,0.0
Images/cameraman.png,256,256,29,saltpepper,1.0,,0.0099945068359375,L2,B_taylor_standard,B: Taylor + Standard HOG,0.9768557821822978,0.21514747415529795,0.9768557821822978,0.21514747415529795,1.0,0.0
Images/cameraman.png,256,256,29,saltpepper,1.0,,0.0099945068359375,L2,C_taylor_robust,C: Taylor + Robust HOG,0.9965448220419397,0.08312855054745534,0.9937689665870976,0.11163362766570192,0.9962253746774977,0.08688642382446306
Images/cameraman.png,256,256,29,saltpepper,1.0,,0.0099945068359375,L2-Hys,A_sobel_standard,A: Sobel + Standard HOG,0.8998420111225752,0.44756672994732116,0.8531892109687962,0.5418685985240665,1.0,0.0
Images/cameraman.png,256,256,29,saltpepper,1.0,,0.0099945068359375,L2-Hys,B_taylor_standard,B: Taylor + Standard HOG,0.9854187963497976,0.17077004216333397,0.9854187963497976,0.17077004216333397,1.0,0.0
Images/cameraman.png,256,256,29,saltpepper,1.0,,0.0099945068359375,L2-Hys,C_taylor_robust,C: Taylor + Robust HOG,0.9963169032963322,0.08582653090591406,0.9942125951980719,0.10758628910740956,0.9972562393500204,0.07407780571787276
Images/cameraman.png,256,256,29,saltpepper,5.0,,0.0500030517578125,L2,A_sobel_standard,A: Sobel + Standard HOG,0.8028116990416089,0.6279941097787349,0.7538784260281869,0.7016004190018965,1.0,0.0
Images/cameraman.png,256,256,29,saltpepper,5.0,,0.0500030517578125,L2,B_taylor_standard,B: Taylor + Standard HOG,0.8708965873151983,0.5081405567061227,0.8708965873151983,0.5081405567061227,1.0,0.0
Images/cameraman.png,256,256,29,saltpepper,5.0,,0.0500030517578125,L2,C_taylor_robust,C: Taylor + Robust HOG,0.957160417452985,0.29271003586148375,0.9558561845027229,0.2971323459244286,0.9962253746774977,0.08688642382446306
Images/cameraman.png,256,256,29,saltpepper,5.0,,0.0500030517578125,L2-Hys,A_sobel_standard,A: Sobel + Standard HOG,0.8269020889733323,0.5883840769990745,0.7853036823854024,0.6552805775001693,1.0,0.0
Images/cameraman.png,256,256,29,saltpepper,5.0,,0.0500030517578125,L2-Hys,B_taylor_standard,B: Taylor + Standard HOG,0.9072633248397707,0.43066617039587496,0.9072633248397707,0.43066617039587496,1.0,0.0
Images/cameraman.png,256,256,29,saltpepper,5.0,,0.0500030517578125,L2-Hys,C_taylor_robust,C: Taylor + Robust HOG,0.9657566037713856,0.2616998136377738,0.964049502817818,0.26814360772808304,0.9972562393500204,0.07407780571787276
Images/cameraman.png,256,256,29,saltpepper,10.0,,0.100006103515625,L2,A_sobel_standard,A: Sobel + Standard HOG,0.771475327543779,0.6760542470190137,0.7247199797730297,0.7419973318374887,1.0,0.0
Images/cameraman.png,256,256,29,saltpepper,10.0,,0.100006103515625,L2,B_taylor_standard,B: Taylor + Standard HOG,0.8165233961414105,0.6057666280979725,0.8165233961414105,0.6057666280979725,1.0,0.0
Images/cameraman.png,256,256,29,saltpepper,10.0,,0.100006103515625,L2,C_taylor_robust,C: Taylor + Robust HOG,0.8627784410900884,0.523873188681984,0.8608964011185731,0.527453502939225,0.9962253746774977,0.08688642382446306
Images/cameraman.png,256,256,29,saltpepper,10.0,,0.100006103515625,L2-Hys,A_sobel_standard,A: Sobel + Standard HOG,0.806655827132917,0.62184270177817,0.7689318987550584,0.6798060035913203,1.0,0.0
Images/cameraman.png,256,256,29,saltpepper,10.0,,0.100006103515625,L2-Hys,B_taylor_standard,B: Taylor + Standard HOG,0.8537117598941154,0.5409033926896015,0.8537117598941154,0.5409033926896015,1.0,0.0
Images/cameraman.png,256,256,29,saltpepper,10.0,,0.100006103515625,L2-Hys,C_taylor_robust,C: Taylor + Robust HOG,0.8924179897719824,0.4638577588682392,0.8890876500048689,0.4709826960699703,0.9972562393500204,0.07407780571787276
Images/cameraman.png,256,256,29,gaussian,10.0,10.004446662820687,,L2,A_sobel_standard,A: Sobel + Standard HOG,0.8470959076544853,0.5529992628304597,0.8003994966181219,0.6318235566705032,1.0,0.0
Images/cameraman.png,256,256,29,gaussian,10.0,10.004446662820687,,L2,B_taylor_standard,B: Taylor + Standard HOG,0.8487169665676497,0.5500600575070934,0.8487169665676497,0.5500600575070934,1.0,0.0
Images/cameraman.png,256,256,29,gaussian,10.0,10.004446662820687,,L2,C_taylor_robust,C: Taylor + Robust HOG,0.8509964924361637,0.5459001878802385,0.8491840563055256,0.5492102396978368,0.9962253746774977,0.08688642382446306
Images/cameraman.png,256,256,29,gaussian,10.0,10.004446662820687,,L2-Hys,A_sobel_standard,A: Sobel + Standard HOG,0.8717240345953592,0.5065095564967279,0.8339317649020521,0.5763128232272018,1.0,0.0
Images/cameraman.png,256,256,29,gaussian,10.0,10.004446662820687,,L2-Hys,B_taylor_standard,B: Taylor + Standard HOG,0.8743923623219733,0.5012138020522261,0.8743923623219733,0.5012138020522261,1.0,0.0
Images/cameraman.png,256,256,29,gaussian,10.0,10.004446662820687,,L2-Hys,C_taylor_robust,C: Taylor + Robust HOG,0.8779846056722864,0.4939947253426113,0.8739635826070801,0.5020685558744293,0.9972562393500204,0.07407780571787276
Images/cameraman.png,256,256,29,gaussian,20.0,20.004446662820683,,L2,A_sobel_standard,A: Sobel + Standard HOG,0.9155547933338113,0.41096278825750004,0.8652072535641978,0.5192162293992846,1.0,0.0
Images/cameraman.png,256,256,29,gaussian,20.0,20.004446662820683,,L2,B_taylor_standard,B: Taylor + Standard HOG,0.9090130428646654,0.42658400611212843,0.9090130428646654,0.42658400611212843,1.0,0.0
Images/cameraman.png,256,256,29,gaussian,20.0,20.004446662820683,,L2,C_taylor_robust,C: Taylor + Robust HOG,0.9088524583420092,0.4269602830662186,0.9074093530578671,0.43032696160509065,0.9962253746774977,0.08688642382446306
Images/cameraman.png,256,256,29,gaussian,20.0,20.004446662820683,,L2-Hys,A_sobel_standard,A: Sobel + Standard HOG,0.9335022684038053,0.36468543046780283,0.8921827061971593,0.4643647140047402,1.0,0.0
Images/cameraman.png,256,256,29,gaussian,20.0,20.004446662820683,,L2-Hys,B_taylor_standard,B: Taylor + Standard HOG,0.9286993710991983,0.37762581718473076,0.9286993710991983,0.37762581718473076,1.0,0.0
Images/cameraman.png,256,256,29,gaussian,20.0,20.004446662820683,,L2-Hys,C_taylor_robust,C: Taylor + Robust HOG,0.9296146362076094,0.37519425313762617,0.927475385443465,0.38085329080408264,0.9972562393500204,0.07407780571787276
Images/cameraman.png,256,256,29,gaussian,30.0,30.004446662820683,,L2,A_sobel_standard,A: Sobel + Standard HOG,0.9590331457528688,0.28624064787214104,0.9060507104531884,0.4334726970567195,1.0,0.0
Images/cameraman.png,256,256,29,gaussian,30.0,30.004446662820683,,L2,B_taylor_standard,B: Taylor + Standard HOG,0.9598798102796176,0.28326732857985176,0.9598798102796176,0.28326732857985176,1.0,0.0
Images/cameraman.png,256,256,29,gaussian,30.0,30.004446662820683,,L2,C_taylor_robust,C: Taylor + Robust HOG,0.9584633578725724,0.28822436443655525,0.956333881395,0.29552028223118615,0.9962253746774977,0.08688642382446306
Images/cameraman.png,256,256,29,gaussian,30.0,30.004446662820683,,L2-Hys,A_sobel_standard,A: Sobel + Standard HOG,0.9690025639762551,0.24898769457128905,0.9248214111746268,0.38775917481498734,1.0,0.0
Images/cameraman.png,256,256,29,gaussian,30.0,30.004446662820683,,L2-Hys,B_taylor_standard,B: Taylor + Standard HOG,0.9685509626578152,0.2507948856831164,0.9685509626578152,0.2507948856831164,1.0,0.0
Images/cameraman.png,256,256,29,gaussian,30.0,30.004446662820683,,L2-Hys,C_taylor_robust,C: Taylor + Robust HOG,0.9681845758906289,0.25225155741675703,0.9662495441439837,0.2598093757213066,0.9972562393500204,0.07407780571787276
Images/cameraman.png,256,256,47,saltpepper,1.0,,0.0099945068359375,L2,A_sobel_standard,A: Sobel + Standard HOG,0.8655205136513071,0.5186125458349301,0.8113086016468852,0.6143149002801719,1.0,0.0
Images/cameraman.png,256,256,47,saltpepper,1.0,,0.0099945068359375,L2,B_taylor_standard,B: Taylor + Standard HOG,0.9740633946541617,0.22775691140265453,0.9740633946541617,0.22775691140265453,1.0,0.0
Images/cameraman.png,256,256,47,saltpepper,1.0,,0.0099945068359375,L2,C_taylor_robust,C: Taylor + Robust HOG,0.9960143048376922,0.0892826429078752,0.9930903544227431,0.11755548117597131,0.9962253746774977,0.08688642382446306
Images/cameraman.png,256,256,47,saltpepper,1.0,,0.0099945068359375,L2-Hys,A_sobel_standard,A: Sobel + Standard HOG,0.8986888983642713,0.45013576093458335,0.854187023350183,0.5400240303017521,1.0,0.0
Images/cameraman.png,256,256,47,saltpepper,1.0,,0.0099945068359375,L2-Hys,B_taylor_standard,B: Taylor + Standard HOG,0.9838435243593099,0.17975803537380855,0.9838435243593099,0.17975803537380855,1.0,0.0
Images/cameraman.png,256,256,47,saltpepper,1.0,,0.0099945068359375,L2-Hys,C_taylor_robust,C: Taylor + Robust HOG,0.9961113856944075,0.08818859683201939,0.9936923353738086,0.11231798276520456,0.9972562393500204,0.07407780571787276
Images/cameraman.png,256,256,47,saltpepper,5.0,,0.0500030517578125,L2,A_sobel_standard,A: Sobel + Standard HOG,0.8053148459473264,0.6239954391703117,0.7561960272681953,0.6982892992618602,1.0,0.0
Images/cameraman.png,256,256,47,saltpepper,5.0,,0.0500030517578125,L2,B_taylor_standard,B: Taylor + Standard HOG,0.871687375518809,0.5065819271967633,0.871687375518809,0.5065819271967633,1.0,0.0
Images/cameraman.png,256,256,47,saltpepper,5.0,,0.0500030517578125,L2,C_taylor_robust,C: Taylor + Robust HOG,0.9498060701021676,0.31684043270338164,0.9491450466194836,0.318919906498534,0.9962253746774977,0.08688642382446306
Images/cameraman.png,256,256,47,saltpepper,5.0,,0.0500030517578125,L2-Hys,A_sobel_standard,A: Sobel + Standard HOG,0.8305928310866584,0.5820776046538031,0.7902987620318096,0.6476129059524302,1.0,0.0
Images/cameraman.png,256,256,47,saltpepper,5.0,,0.0500030517578125,L2-Hys,B_taylor_standard,B: Taylor + Standard HOG,0.9074381459130804,0.43026004715399646,0.9074381459130804,0.43026004715399646,1.0,0.0
Images/cameraman.png,256,256,47,saltpepper,5.0,,0.0500030517578125,L2-Hys,C_taylor_robust,C: Taylor + Robust HOG,0.9609851794011165,0.2793378620931709,0.959629353952503,0.284150122463959,0.9972562393500204,0.07407780571787276
Images/cameraman.png,256,256,47,saltpepper,10.0,,0.100006103515625,L2,A_sobel_standard,A: Sobel + Standard HOG,0.7722651904096691,0.674884893282303,0.7242747306452249,0.7425971577575304,1.0,0.0
Images/cameraman.png,256,256,47,saltpepper,10.0,,0.100006103515625,L2,B_taylor_standard,B: Taylor + Standard HOG,0.8179173500369695,0.6034611005906417,0.8179173500369695,0.6034611005906417,1.0,0.0
Images/cameraman.png,256,256,47,saltpepper,10.0,,0.100006103515625,L2,C_taylor_robust,C: Taylor + Robust HOG,0.8659738203421601,0.5177377321730435,0.8644708488021294,0.5206325982838054,0.9962253746774977,0.08688642382446306
Images/cameraman.png,256,256,47,saltpepper,10.0,,0.100006103515625,L2-Hys,A_sobel_standard,A: Sobel + Standard HOG,0.8064011725144765,0.6222520831556712,0.7674437835173361,0.68199151973782,1.0,0.0
Images/cameraman.png,256,256,47,saltpepper,10.0,,0.100006103515625,L2-Hys,B_taylor_standard,B: Taylor + Standard HOG,0.8547694217118392,0.5389444837714366,0.8547694217118392,0.5389444837714366,1.0,0.0
Images/cameraman.png,256,256,47,saltpepper,10.0,,0.100006103515625,L2-Hys,C_taylor_robust,C: Taylor + Robust HOG,0.8935026949481399,0.46151339104097033,0.89055832634256,0.46784970591218294,0.9972562393500204,0.07407780571787276
Images/cameraman.png,256,256,47,gaussian,10.0,10.029352605514173,,L2,A_sobel_standard,A: Sobel + Standard HOG,0.8424818308006135,0.5612809799011327,0.7980708201035165,0.6354985128172808,1.0,0.0
Images/cameraman.png,256,256,47,gaussian,10.0,10.029352605514173,,L2,B_taylor_standard,B: Taylor + Standard HOG,0.84440202545834,0.557849396417462,0.84440202545834,0.557849396417462,1.0,0.0
Images/cameraman.png,256,256,47,gaussian,10.0,10.029352605514173,,L2,C_taylor_robust,C: Taylor + Robust HOG,0.8466726562090446,0.5537641082463887,0.8440436570762312,0.5584914375776445,0.9962253746774977,0.08688642382446306
Images/cameraman.png,256,256,47,gaussian,10.0,10.029352605514173,,L2-Hys,A_sobel_standard,A: Sobel + Standard HOG,0.8697518043113327,0.5103884710598384,0.8309444157306553,0.5814732741573816,1.0,0.0
Images/cameraman.png,256,256,47,gaussian,10.0,10.029352605514173,,L2-Hys,B_taylor_standard,B: Taylor + Standard HOG,0.8724085555932584,0.5051563013812854,0.8724085555932584,0.5051563013812854,1.0,0.0
Images/cameraman.png,256,256,47,gaussian,10.0,10.029352605514173,,L2-Hys,C_taylor_robust,C: Taylor + Robust HOG,0.8759795316317913,0.49803708370707894,0.8715646749548915,0.5068240820071593,0.9972562393500204,0.07407780571787276
Images/cameraman.png,256,256,47,gaussian,20.0,20.029352605514173,,L2,A_sobel_standard,A: Sobel + Standard HOG,0.9120937214849943,0.4193000799308437,0.8626536039685826,0.5241114309599061,1.0,0.0
Images/cameraman.png,256,256,47,gaussian,20.0,20.029352605514173,,L2,B_taylor_standard,B: Taylor + Standard HOG,0.9084786057618353,0.42783500146240105,0.9084786057618353,0.42783500146240105,1.0,0.0
Images/cameraman.png,256,256,47,gaussian,20.0,20.029352605514173,,L2,C_taylor_robust,C: Taylor + Robust HOG,0.9092254753436667,0.42608573000356437,0.9072734528268556,0.43064265272531,0.9962253746774977,0.08688642382446306
Images/cameraman.png,256,256,47,gaussian,20.0,20.029352605514173,,L2-Hys,A_sobel_standard,A: Sobel + Standard HOG,0.9304768592246635,0.37288910087838656,0.8885427924354065,0.47213813141539085,1.0,0.0
Images/cameraman.png,256,256,47,gaussian,20.0,20.029352605514173,,L2-Hys,B_taylor_standard,B: Taylor + Standard HOG,0.9291634780100034,0.37639479802835896,0.9291634780100034,0.37639479802835896,1.0,0.0
Images/cameraman.png,256,256,47,gaussian,20.0,20.029352605514173,,L2-Hys,C_taylor_robust,C: Taylor + Robust HOG,0.9300002348695954,0.374165110965124,0.9275747616869662,0.38059227084811165,0.9972562393500204,0.07407780571787276
Images/cameraman.png,256,256,47,gaussian,30.0,30.029352605514173,,L2,A_sobel_standard,A: Sobel + Standard HOG,0.9584410788224208,0.28830165166914845,0.9084834907344281,0.4278235834209554,1.0,0.0
Images/cameraman.png,256,256,47,gaussian,30.0,30.029352605514173,,L2,B_taylor_standard,B: Taylor + Standard HOG,0.9622326442351379,0.2748357901178896,0.9622326442351379,0.2748357901178896,1.0,0.0
Images/cameraman.png,256,256,47,gaussian,30.0,30.029352605514173,,L2,C_taylor_robust,C: Taylor + Robust HOG,0.9614189357323267,0.2777807202369289,0.9593620335693185,0.28508934189366514,0.9962253746774977,0.08688642382446306
Images/cameraman.png,256,256,47,gaussian,30.0,30.029352605514173,,L2-Hys,A_sobel_standard,A: Sobel + Standard HOG,0.9672714422390155,0.2558458823637093,0.92475777992986,0.3879232400138166,1.0,0.0
Images/cameraman.png,256,256,47,gaussian,30.0,30.029352605514173,,L2-Hys,B_taylor_standard,B: Taylor + Standard HOG,0.9700964264965029,0.24455499791951596,0.9700964264965029,0.24455499791951596,1.0,0.0
Images/cameraman.png,256,256,47,gaussian,30.0,30.029352605514173,,L2-Hys,C_taylor_robust,C: Taylor + Robust HOG,0.9697338778679925,0.24603301458225077,0.9678228637785259,0.2536814389023726,0.9972562393500204,0.07407780571787276
Images/lena.png,256,256,11,saltpepper,1.0,,0.0099945068359375,L2,A_sobel_standard,A: Sobel + Standard HOG,0.9454202843169668,0.33039284399948293,0.8932212691267288,0.4621227777837213,1.0,0.0
Images/lena.png,256,256,11,saltpepper,1.0,,0.0099945068359375,L2,B_taylor_standard,B: Taylor + Standard HOG,0.9950226847863307,0.09977289425158704,0.9950226847863307,0.09977289425158704,1.0,0.0
Images/lena.png,256,256,11,saltpepper,1.0,,0.0099945068359375,L2,C_taylor_robust,C: Taylor + Robust HOG,0.9974355541783547,0.0716162805742552,0.9935681668881241,0.11341810359793475,0.9954550933547663,0.09534051232538887
Images/lena.png,256,256,11,saltpepper,1.0,,0.0099945068359375,L2-Hys,A_sobel_standard,A: Sobel + Standard HOG,0.9425665025288698,0.33892033716650594,0.8943344758935842,0.45970756815545316,1.0,0.0
Images/lena.png,256,256,11,saltpepper,1.0,,0.0099945068359375,L2-Hys,B_taylor_standard,B: Taylor + Standard HOG,0.9942370172928388,0.10735904905672224,0.9942370172928388,0.10735904905672224,1.0,0.0
Images/lena.png,256,256,11,saltpepper,1.0,,0.0099945068359375,L2-Hys,C_taylor_robust,C: Taylor + Robust HOG,0.997269094155861,0.07390407085056548,0.9948112224849349,0.1018702853151481,0.9969276929885422,0.07838758844958998
Images/lena.png,256,256,11,saltpepper,5.0,,0.0500030517578125,L2,A_sobel_standard,A: Sobel + Standard HOG,0.8348348637472053,0.5747436580820966,0.7886156948578581,0.6502065904651262,1.0,0.0
Images/lena.png,256,256,11,saltpepper,5.0,,0.0500030517578125,L2,B_taylor_standard,B: Taylor + Standard HOG,0.9479192569142512,0.32274058649556014,0.9479192569142512,0.32274058649556014,1.0,0.0
Images/lena.png,256,256,11,saltpepper,5.0,,0.0500030517578125,L2,C_taylor_robust,C: Taylor + Robust HOG,0.97958414653137,0.2020685698896775,0.9770147221318979,0.21440745261348662,0.9954550933547663,0.09534051232538887
Images/lena.png,256,256,11,saltpepper,5.0,,0.0500030517578125,L2-Hys,A_sobel_standard,A: Sobel + Standard HOG,0.8402718944620505,0.565204574554505,0.7984109345604624,0.6349630941313426,1.0,0.0
Images/lena.png,256,256,11,saltpepper,5.0,,0.0500030517578125,L2-Hys,B_taylor_standard,B: Taylor + Standard HOG,0.9418255597329729,0.34109951705836333,0.9418255597329729,0.34109951705836333,1.0,0.0
Images/lena.png,256,256,11,saltpepper,5.0,,0.0500030517578125,L2-Hys,C_taylor_robust,C: Taylor + Robust HOG,0.9758665519937859,0.21969728267125815,0.9740607953587348,0.22776832370529013,0.9969276929885422,0.07838758844958998
Images/lena.png,256,256,11,saltpepper,10.0,,0.100006103515625,L2,A_sobel_standard,A: Sobel + Standard HOG,0.7505538545875917,0.7063230782190377,0.7066958242801901,0.7659036175914179,1.0,0.0
Images/lena.png,256,256,11,saltpepper,10.0,,0.100006103515625,L2,B_taylor_standard,B: Taylor + Standard HOG,0.876709629299364,0.49656896943050394,0.876709629299364,0.49656896943050394,1.0,0.0
Images/lena.png,256,256,11,saltpepper,10.0,,0.100006103515625,L2,C_taylor_robust,C: Taylor + Robust HOG,0.9184240833833655,0.40392057787796487,0.9166285793852854,0.4083415742113819,0.9954550933547663,0.09534051232538887
Images/lena.png,256,256,11,saltpepper,10.0,,0.100006103515625,L2-Hys,A_sobel_standard,A: Sobel + Standard HOG,0.7866143142603185,0.6532774077793925,0.7451164907878741,0.7139797045226188,1.0,0.0
Images/lena.png,256,256,11,saltpepper,10.0,,0.100006103515625,L2-Hys,B_taylor_standard,B: Taylor + Standard HOG,0.8715618649792449,0.5068296262612686,0.8715618649792449,0.5068296262612686,1.0,0.0
Images/lena.png,256,256,11,saltpepper,10.0,,0.100006103515625,L2-Hys,C_taylor_robust,C: Taylor + Robust HOG,0.9122654619063472,0.41889029135845285,0.9098320247902123,0.42465980552393745,0.9969276929885422,0.07838758844958998
Images/lena.png,256,256,11,gaussian,10.0,9.994355435375216,,L2,A_sobel_standard,A: Sobel + Standard HOG,0.8316643958781367,0.5802337531062179,0.7850900813642494,0.6556064652453497,1.0,0.0
Images/lena.png,256,256,11,gaussian,10.0,9.994355435375216,,L2,B_taylor_standard,B: Taylor + Standard HOG,0.8748967006109557,0.5002065561126613,0.8748967006109557,0.5002065561126613,1.0,0.0
Images/lena.png,256,256,11,gaussian,10.0,9.994355435375216,,L2,C_taylor_robust,C: Taylor + Robust HOG,0.8750656956477545,0.4998685914362806,0.8733339315013889,0.5033211072438966,0.9954550933547663,0.09534051232538887
Images/lena.png,256,256,11,gaussian,10.0,9.994355435375216,,L2-Hys,A_sobel_standard,A: Sobel + Standard HOG,0.8435718112146922,0.5593356573592821,0.801082718194407,0.6307412810677729,1.0,0.0
Images/lena.png,256,256,11,gaussian,10.0,9.994355435375216,,L2-Hys,B_taylor_standard,B: Taylor + Standard HOG,0.8747059321693771,0.5005877901779687,0.8747059321693771,0.5005877901779687,1.0,0.0
Images/lena.png,256,256,11,gaussian,10.0,9.994355435375216,,L2-Hys,C_taylor_robust,C: Taylor + Robust HOG,0.8765463970171503,0.4968975809749403,0.8738357051217897,0.5023231925472524,0.9969276929885422,0.07838758844958998
Images/lena.png,256,256,11,gaussian,20.0,19.994355435375216,,L2,A_sobel_standard,A: Sobel + Standard HOG,0.9542957469700126,0.3023383966021757,0.8976669723612222,0.4524003263455448,1.0,0.0
Images/lena.png,256,256,11,gaussian,20.0,19.994355435375216,,L2,B_taylor_standard,B: Taylor + Standard HOG,0.9655973984670554,0.2623074590359368,0.9655973984670554,0.2623074590359368,1.0,0.0
Images/lena.png,256,256,11,gaussian,20.0,19.994355435375216,,L2,C_taylor_robust,C: Taylor + Robust HOG,0.9643443410090697,0.2670417907029919,0.9623708288623318,0.27433253958532855,0.9954550933547663,0.09534051232538887
Images/lena.png,256,256,11,gaussian,20.0,19.994355435375216,,L2-Hys,A_sobel_standard,A: Sobel + Standard HOG,0.9506694507933926,0.3141036427931379,0.9004907693477296,0.44611485215282315,1.0,0.0
Images/lena.png,256,256,11,gaussian,20.0,19.994355435375216,,L2-Hys,B_taylor_standard,B: Taylor + Standard HOG,0.9635686642900558,0.2699308641506485,0.9635686642900558,0.2699308641506485,1.0,0.0
Images/lena.png,256,256,11,gaussian,20.0,19.994355435375216,,L2-Hys,C_taylor_robust,C: Taylor + Robust HOG,0.9627634202256837,0.2728977089494042,0.9611194927472383,0.2788566199808043,0.9969276929885422,0.07838758844958998
Images/lena.png,256,256,11,gaussian,30.0,29.994355435375212,,L2,A_sobel_standard,A: Sobel + Standard HOG,0.9903504608609889,0.13892112250490293,0.9368603847601596,0.3553578906956772,1.0,0.0
Images/lena.png,256,256,11,gaussian,30.0,29.994355435375212,,L2,B_taylor_standard,B: Taylor + Standard HOG,0.9934975257084255,0.11403924141780714,0.9934975257084255,0.11403924141780714,1.0,0.0
Images/lena.png,256,256,11,gaussian,30.0,29.994355435375212,,L2,C_taylor_robust,C: Taylor + Robust HOG,0.9926707690831519,0.12107213483579132,0.9891757403080365,0.1471343582713677,0.9954550933547663,0.09534051232538887
Images/lena.png,256,256,11,gaussian,30.0,29.994355435375212,,L2-Hys,A_sobel_standard,A: Sobel + Standard HOG,0.989515426592771,0.14480727472941574,0.9402389562887981,0.3457196659488574,1.0,0.0
Images/lena.png,256,256,11,gaussian,30.0,29.994355435375212,,L2-Hys,B_taylor_standard,B: Taylor + Standard HOG,0.9922902334129512,0.12417541292120415,0.9922902334129512,0.12417541292120415,1.0,0.0
Images/lena.png,256,256,11,gaussian,30.0,29.994355435375212,,L2-Hys,C_taylor_robust,C: Taylor + Robust HOG,0.9916309887261675,0.12937550984524246,0.989459616958264,0.14519216949832142,0.9969276929885422,0.07838758844958998
Images/lena.png,256,256,29,saltpepper,1.0,,0.0099945068359375,L2,A_sobel_standard,A: Sobel + Standard HOG,0.9433811410123586,0.33650812467945385,0.8922486253853751,0.46422273665693103,1.0,0.0
Images/lena.png,256,256,29,saltpepper,1.0,,0.0099945068359375,L2,B_taylor_standard,B: Taylor + Standard HOG,0.99553754992871,0.09447168963546793,0.99553754992871,0.09447168963546793,1.0,0.0
Images/lena.png,256,256,29,saltpepper,1.0,,0.0099945068359375,L2,C_taylor_robust,C: Taylor + Robust HOG,0.9974048163046534,0.07204420442126643,0.9934914265472301,0.11409271188616701,0.9954550933547663,0.09534051232538887
Images/lena.png,256,256,29,saltpepper,1.0,,0.0099945068359375,L2-Hys,A_sobel_standard,A: Sobel + Standard HOG,0.9421033405315646,0.3402841738010876,0.8956615272429304,0.45681171780095847,1.0,0.0
Images/lena.png,256,256,29,saltpepper,1.0,,0.0099945068359375,L2-Hys,B_taylor_standard,B: Taylor + Standard HOG,0.99456252588208,0.10428301988279268,0.99456252588208,0.10428301988279268,1.0,0.0
Images/lena.png,256,256,29,saltpepper,1.0,,0.0099945068359375,L2-Hys,C_taylor_robust,C: Taylor + Robust HOG,0.9971619026969756,0.0753405243282598,0.9945089879670286,0.10479515287458199,0.9969276929885422,0.07838758844958998
Images/lena.png,256,256,29,saltpepper,5.0,,0.0500030517578125,L2,A_sobel_standard,A: Sobel + Standard HOG,0.8283887482736737,0.5858519467004042,0.7811812522809616,0.6615417563828284,1.0,0.0
Images/lena.png,256,256,29,saltpepper,5.0,,0.0500030517578125,L2,B_taylor_standard,B: Taylor + Standard HOG,0.9486736340422293,0.32039465026048924,0.9486736340422293,0.32039465026048924,1.0,0.0
Images/lena.png,256,256,29,saltpepper,5.0,,0.0500030517578125,L2,C_taylor_robust,C: Taylor + Robust HOG,0.979375116402232,0.20310038699011898,0.9771163143501955,0.21393310005608956,0.9954550933547663,0.09534051232538887
Images/lena.png,256,256,29,saltpepper,5.0,,0.0500030517578125,L2-Hys,A_sobel_standard,A: Sobel + Standard HOG,0.837358750548363,0.5703354266788114,0.7935708796789785,0.6425404583933005,1.0,0.0
Images/lena.png,256,256,29,saltpepper,5.0,,0.0500030517578125,L2-Hys,B_taylor_standard,B: Taylor + Standard HOG,0.9423280099896179,0.3396232913451244,0.9423280099896179,0.3396232913451244,1.0,0.0
Images/lena.png,256,256,29,saltpepper,5.0,,0.0500030517578125,L2-Hys,C_taylor_robust,C: Taylor + Robust HOG,0.9756737594939426,0.22057307408840635,0.9738851241274993,0.2285382938283594,0.9969276929885422,0.07838758844958998
Images/lena.png,256,256,29,saltpepper,10.0,,0.100006103515625,L2,A_sobel_standard,A: Sobel + Standard HOG,0.7463879409582401,0.7121966849708867,0.7050893570242558,0.7679982330393016,1.0,0.0
Images/lena.png,256,256,29,saltpepper,10.0,,0.100006103515625,L2,B_taylor_standard,B: Taylor + Standard HOG,0.8781912768165407,0.4935761809152857,0.8781912768165407,0.4935761809152857,1.0,0.0
Images/lena.png,256,256,29,saltpepper,10.0,,0.100006103515625,L2,C_taylor_robust,C: Taylor + Robust HOG,0.9269186226928781,0.3823123783167947,0.9243500037404676,0.3889729971592694,0.9954550933547663,0.09534051232538887
Images/lena.png,256,256,29,saltpepper,10.0,,0.100006103515625,L2-Hys,A_sobel_standard,A: Sobel + Standard HOG,0.7834600103696497,0.6580881242637899,0.7441050140340942,0.7153949762041899,1.0,0.0
Images/lena.png,256,256,29,saltpepper,10.0,,0.100006103515625,L2-Hys,B_taylor_standard,B: Taylor + Standard HOG,0.8723716897005551,0.5052292752933879,0.8723716897005551,0.5052292752933879,1.0,0.0
Images/lena.png,256,256,29,saltpepper,10.0,,0.100006103515625,L2-Hys,C_taylor_robust,C: Taylor + Robust HOG,0.9190658986716089,0.4023284760778349,0.9165641458894949,0.4084993368761699,0.9969276929885422,0.07838758844958998
Images/lena.png,256,256,29,gaussian,10.0,10.004446662820687,,L2,A_sobel_standard,A: Sobel + Standard HOG,0.8368221370451936,0.5712755253899939,0.7888034145069946,0.6499178186401813,1.0,0.0
Images/lena.png,256,256,29,gaussian,10.0,10.004446662820687,,L2,B_taylor_standard,B: Taylor + Standard HOG,0.8739908030922565,0.5020143362648996,0.8739908030922565,0.5020143362648996,1.0,0.0
Images/lena.png,256,256,29,gaussian,10.0,10.004446662820687,,L2,C_taylor_robust,C: Taylor + Robust HOG,0.8733062800928555,0.5033760421536657,0.8715953127390947,0.5067636278599821,0.9954550933547663,0.09534051232538887
Images/lena.png,256,256,29,gaussian,10.0,10.004446662820687,,L2-Hys,A_sobel_standard,A: Sobel + Standard HOG,0.8473892809387422,0.5524684951602336,0.8043369102107223,0.6255606921870343,1.0,0.0
Images/lena.png,256,256,29,gaussian,10.0,10.004446662820687,,L2-Hys,B_taylor_standard,B: Taylor + Standard HOG,0.8729259113893465,0.5041311111564317,0.8729259113893465,0.5041311111564317,1.0,0.0
Images/lena.png,256,256,29,gaussian,10.0,10.004446662820687,,L2-Hys,C_taylor_robust,C: Taylor + Robust HOG,0.8740226716687369,0.5019508508570275,0.8714612484605005,0.5070281087809363,0.9969276929885422,0.07838758844958998
Images/lena.png,256,256,29,gaussian,20.0,20.00444666282069,,L2,A_sobel_standard,A: Sobel + Standard HOG,0.9560011463621374,0.29664407507267926,0.9009922561017583,0.44498931200252867,1.0,0.0
Images/lena.png,256,256,29,gaussian,20.0,20.00444666282069,,L2,B_taylor_standard,B: Taylor + Standard HOG,0.9653328995772865,0.2633138827434431,0.9653328995772865,0.2633138827434431,1.0,0.0
Images/lena.png,256,256,29,gaussian,20.0,20.00444666282069,,L2,C_taylor_robust,C: Taylor + Robust HOG,0.9634538891833669,0.27035573164493115,0.9614155179185397,0.2777930239637421,0.9954550933547663,0.09534051232538887
Images/lena.png,256,256,29,gaussian,20.0,20.00444666282069,,L2-Hys,A_sobel_standard,A: Sobel + Standard HOG,0.9520522912731819,0.3096698523527617,0.9031038860377414,0.44021838663436674,1.0,0.0
Images/lena.png,256,256,29,gaussian,20.0,20.00444666282069,,L2-Hys,B_taylor_standard,B: Taylor + Standard HOG,0.9630758313173073,0.2717505057338546,0.9630758313173073,0.2717505057338546,1.0,0.0
Images/lena.png,256,256,29,gaussian,20.0,20.00444666282069,,L2-Hys,C_taylor_robust,C: Taylor + Robust HOG,0.9621501407118699,0.275135818419658,0.9605923185863426,0.28074073952475326,0.9969276929885422,0.07838758844958998
Images/lena.png,256,256,29,gaussian,30.0,30.004446662820683,,L2,A_sobel_standard,A: Sobel + Standard HOG,0.9905857595804577,0.13721691163659325,0.9377124087591063,0.3529520965822243,1.0,0.0
Images/lena.png,256,256,29,gaussian,30.0,30.004446662820683,,L2,B_taylor_standard,B: Taylor + Standard HOG,0.993670050364654,0.1125162178118889,0.993670050364654,0.1125162178118889,1.0,0.0
Images/lena.png,256,256,29,gaussian,30.0,30.004446662820683,,L2,C_taylor_robust,C: Taylor + Robust HOG,0.9928021784264051,0.11998184507328565,0.9894172745609303,0.14548350723755274,0.9954550933547663,0.09534051232538887
Images/lena.png,256,256,29,gaussian,30.0,30.004446662820683,,L2-Hys,A_sobel_standard,A: Sobel + Standard HOG,0.9894677374010051,0.14513622979146518,0.9406701859363185,0.34447006855266493,1.0,0.0
Images/lena.png,256,256,29,gaussian,30.0,30.004446662820683,,L2-Hys,B_taylor_standard,B: Taylor + Standard HOG,0.992569059828018,0.12190931196592253,0.992569059828018,0.12190931196592253,1.0,0.0
Images/lena.png,256,256,29,gaussian,30.0,30.004446662820683,,L2-Hys,C_taylor_robust,C: Taylor + Robust HOG,0.991806286747572,0.1280133840850259,0.9895686322566547,0.14443938343415433,0.9969276929885422,0.07838758844958998
Images/lena.png,256,256,47,saltpepper,1.0,,0.0099945068359375,L2,A_sobel_standard,A: Sobel + Standard HOG,0.9463838080107336,0.3274635612988605,0.8929381144729179,0.46273509814381353,1.0,0.0
Images/lena.png,256,256,47,saltpepper,1.0,,0.0099945068359375,L2,B_taylor_standard,B: Taylor + Standard HOG,0.9952866617769267,0.09709107294775594,0.9952866617769267,0.09709107294775594,1.0,0.0
Images/lena.png,256,256,47,saltpepper,1.0,,0.0099945068359375,L2,C_taylor_robust,C: Taylor + Robust HOG,0.9976551871476472,0.06848084188081546,0.9937310779166528,0.1119725152289377,0.9954550933547663,0.09534051232538887
Images/lena.png,256,256,47,saltpepper,1.0,,0.0099945068359375,L2-Hys,A_sobel_standard,A: Sobel + Standard HOG,0.9423323105319464,0.3396106284244766,0.8936208771946248,0.46125724451468025,1.0,0.0
Images/lena.png,256,256,47,saltpepper,1.0,,0.0099945068359375,L2-Hys,B_taylor_standard,B: Taylor + Standard HOG,0.9939230500234909,0.11024472755222663,0.9939230500234909,0.11024472755222663,1.0,0.0
Images/lena.png,256,256,47,saltpepper,1.0,,0.0099945068359375,L2-Hys,C_taylor_robust,C: Taylor + Robust HOG,0.9973157810365768,0.07326962485815476,0.9946265607972019,0.10366715200901284,0.9969276929885422,0.07838758844958998
Images/lena.png,256,256,47,saltpepper,5.0,,0.0500030517578125,L2,A_sobel_standard,A: Sobel + Standard HOG,0.8314581515581753,0.5805890946992115,0.7831395673059064,0.6585748745497262,1.0,0.0
Images/lena.png,256,256,47,saltpepper,5.0,,0.0500030517578125,L2,B_taylor_standard,B: Taylor + Standard HOG,0.9451222499021911,0.3312936766610825,0.9451222499021911,0.3312936766610825,1.0,0.0
Images/lena.png,256,256,47,saltpepper,5.0,,0.0500030517578125,L2,C_taylor_robust,C: Taylor + Robust HOG,0.9788539832566291,0.20565026984359128,0.9767961409028175,0.21542450694933638,0.9954550933547663,0.09534051232538887
Images/lena.png,256,256,47,saltpepper,5.0,,0.0500030517578125,L2-Hys,A_sobel_standard,A: Sobel + Standard HOG,0.8377412665380967,0.5696643458611055,0.7944561621556432,0.6411611932414388,1.0,0.0
Images/lena.png,256,256,47,saltpepper,5.0,,0.0500030517578125,L2-Hys,B_taylor_standard,B: Taylor + Standard HOG,0.9390401690955498,0.34916996121150373,0.9390401690955498,0.34916996121150373,1.0,0.0
Images/lena.png,256,256,47,saltpepper,5.0,,0.0500030517578125,L2-Hys,C_taylor_robust,C: Taylor + Robust HOG,0.9754832556912729,0.22143506636968946,0.9739308538621531,0.22833810955830602,0.9969276929885422,0.07838758844958998
Images/lena.png,256,256,47,saltpepper,10.0,,0.100006103515625,L2,A_sobel_standard,A: Sobel + Standard HOG,0.748388701780264,0.7093818410697253,0.7046722056016729,0.7685412082618961,1.0,0.0
Images/lena.png,256,256,47,saltpepper,10.0,,0.100006103515625,L2,B_taylor_standard,B: Taylor + Standard HOG,0.8742049517436996,0.501587576114681,0.8742049517436996,0.501587576114681,1.0,0.0
Images/lena.png,256,256,47,saltpepper,10.0,,0.100006103515625,L2,C_taylor_robust,C: Taylor + Robust HOG,0.9210516544724381,0.3973621661093612,0.9192891261538537,0.40177325407783465,0.9954550933547663,0.09534051232538887
Images/lena.png,256,256,47,saltpepper,10.0,,0.100006103515625,L2-Hys,A_sobel_standard,A: Sobel + Standard HOG,0.785339261466501,0.6552262793131255,0.7445585810789526,0.7147606857458004,1.0,0.0
Images/lena.png,256,256,47,saltpepper,10.0,,0.100006103515625,L2-Hys,B_taylor_standard,B: Taylor + Standard HOG,0.8693378414891978,0.5111989016385025,0.8693378414891978,0.5111989016385025,1.0,0.0
Images/lena.png,256,256,47,saltpepper,10.0,,0.100006103515625,L2-Hys,C_taylor_robust,C: Taylor + Robust HOG,0.9148351899336019,0.4127100921221437,0.9125710986051458,0.41816002056309365,0.9969276929885422,0.07838758844958998
Images/lena.png,256,256,47,gaussian,10.0,10.029352605514173,,L2,A_sobel_standard,A: Sobel + Standard HOG,0.8328424833583589,0.5781998212411367,0.7825636942718751,0.659448717836535,1.0,0.0
Images/lena.png,256,256,47,gaussian,10.0,10.029352605514173,,L2,B_taylor_standard,B: Taylor + Standard HOG,0.8780698168503749,0.4938222011000015,0.8780698168503749,0.4938222011000015,1.0,0.0
Images/lena.png,256,256,47,gaussian,10.0,10.029352605514173,,L2,C_taylor_robust,C: Taylor + Robust HOG,0.877795753924293,0.4943768725895402,0.8764936458438792,0.4970037306824184,0.9954550933547663,0.09534051232538887
Images/lena.png,256,256,47,gaussian,10.0,10.029352605514173,,L2-Hys,A_sobel_standard,A: Sobel + Standard HOG,0.8472907163947954,0.5526468739010485,0.8015217239357992,0.6300448810679421,1.0,0.0
Images/lena.png,256,256,47,gaussian,10.0,10.029352605514173,,L2-Hys,B_taylor_standard,B: Taylor + Standard HOG,0.8758530881174434,0.4982909027655951,0.8758530881174434,0.4982909027655951,1.0,0.0
Images/lena.png,256,256,47,gaussian,10.0,10.029352605514173,,L2-Hys,C_taylor_robust,C: Taylor + Robust HOG,0.8773720714403326,0.4952331341218355,0.8749576401617212,0.5000847125145003,0.9969276929885422,0.07838758844958998
Images/lena.png,256,256,47,gaussian,20.0,20.029352605514173,,L2,A_sobel_standard,A: Sobel + Standard HOG,0.9538288680888577,0.30387869919144556,0.8980260268693947,0.4516059634916381,1.0,0.0
Images/lena.png,256,256,47,gaussian,20.0,20.029352605514173,,L2,B_taylor_standard,B: Taylor + Standard HOG,0.966633480115677,0.2583273887311331,0.966633480115677,0.2583273887311331,1.0,0.0
Images/lena.png,256,256,47,gaussian,20.0,20.029352605514173,,L2,C_taylor_robust,C: Taylor + Robust HOG,0.9651674422409856,0.26394150018143964,0.9637627749722739,0.269210791119992,0.9954550933547663,0.09534051232538887
Images/lena.png,256,256,47,gaussian,20.0,20.029352605514173,,L2-Hys,A_sobel_standard,A: Sobel + Standard HOG,0.9505412191363225,0.3145116241572272,0.9000117837414829,0.44718724548421784,1.0,0.0
Images/lena.png,256,256,47,gaussian,20.0,20.029352605514173,,L2-Hys,B_taylor_standard,B: Taylor + Standard HOG,0.9642072871429164,0.2675545284896569,0.9642072871429164,0.2675545284896569,1.0,0.0
Images/lena.png,256,256,47,gaussian,20.0,20.029352605514173,,L2-Hys,C_taylor_robust,C: Taylor + Robust HOG,0.9631192832522206,0.27159056223777756,0.9618965882986282,0.2760558338528418,0.9969276929885422,0.07838758844958998
Images/lena.png,256,256,47,gaussian,30.0,30.029352605514173,,L2,A_sobel_standard,A: Sobel + Standard HOG,0.9901797372474135,0.14014465921030683,0.9369852131415284,0.3550064417964037,1.0,0.0
Images/lena.png,256,256,47,gaussian,30.0,30.029352605514173,,L2,B_taylor_standard,B: Taylor + Standard HOG,0.9939568043030588,0.10993812529728833,0.9939568043030588,0.10993812529728833,1.0,0.0
Images/lena.png,256,256,47,gaussian,30.0,30.029352605514173,,L2,C_taylor_robust,C: Taylor + Robust HOG,0.9930118708282958,0.11822122628110568,0.9898825236096066,0.14224961434319,0.9954550933547663,0.09534051232538887
Images/lena.png,256,256,47,gaussian,30.0,30.029352605514173,,L2-Hys,A_sobel_standard,A: Sobel + Standard HOG,0.989065206360345,0.14788369511009386,0.9392902174668859,0.34845310311092076,1.0,0.0
Images/lena.png,256,256,47,gaussian,30.0,30.029352605514173,,L2-Hys,B_taylor_standard,B: Taylor + Standard HOG,0.9928580260392169,0.11951547147380849,0.9928580260392169,0.11951547147380849,1.0,0.0
Images/lena.png,256,256,47,gaussian,30.0,30.029352605514173,,L2-Hys,C_taylor_robust,C: Taylor + Robust HOG,0.9920545102125682,0.126059428742591,0.9899571036723135,0.14172435448968385,0.9969276929885422,0.07838758844958998
Images/home.jpg,226,226,11,saltpepper,1.0,,0.010004698880100242,L2,A_sobel_standard,A: Sobel + Standard HOG,0.8911136676771078,0.4666611882788054,0.832615366250118,0.5785924882849566,1.0,0.0
Images/home.jpg,226,226,11,saltpepper,1.0,,0.010004698880100242,L2,B_taylor_standard,B: Taylor + Standard HOG,0.9673608550204479,0.2554961642747398,0.9673608550204479,0.2554961642747398,1.0,0.0
Images/home.jpg,226,226,11,saltpepper,1.0,,0.010004698880100242,L2,C_taylor_robust,C: Taylor + Robust HOG,0.9949821061594232,0.10017877859683531,0.9923661282335605,0.12356271093205663,0.9962505322995151,0.08659639369494117
Images/home.jpg,226,226,11,saltpepper,1.0,,0.010004698880100242,L2-Hys,A_sobel_standard,A: Sobel + Standard HOG,0.9152927345492691,0.4115999646535919,0.8615730456377546,0.5261690875850493,1.0,0.0
Images/home.jpg,226,226,11,saltpepper,1.0,,0.010004698880100242,L2-Hys,B_taylor_standard,B: Taylor + Standard HOG,0.9820395310654921,0.1895281980841028,0.9820395310654921,0.1895281980841028,1.0,0.0
Images/home.jpg,226,226,11,saltpepper,1.0,,0.010004698880100242,L2-Hys,C_taylor_robust,C: Taylor + Robust HOG,0.9957643614495858,0.092039540963868,0.9937783937518516,0.11154914834429422,0.9974400562777956,0.07155338876963534
Images/home.jpg,226,226,11,saltpepper,5.0,,0.05000391573341687,L2,A_sobel_standard,A: Sobel + Standard HOG,0.8101643931402255,0.6161746616987369,0.7638621817559993,0.6872231344243448,1.0,0.0
Images/home.jpg,226,226,11,saltpepper,5.0,,0.05000391573341687,L2,B_taylor_standard,B: Taylor + Standard HOG,0.8801891182710362,0.48951176028563154,0.8801891182710362,0.48951176028563154,1.0,0.0
Images/home.jpg,226,226,11,saltpepper,5.0,,0.05000391573341687,L2,C_taylor_robust,C: Taylor + Robust HOG,0.9451748105010609,0.3311349860674369,0.9439683224824627,0.3347586519196733,0.9962505322995151,0.08659639369494117
Images/home.jpg,226,226,11,saltpepper,5.0,,0.05000391573341687,L2-Hys,A_sobel_standard,A: Sobel + Standard HOG,0.8333146128498169,0.5773826931201518,0.7934331731581584,0.642754738377252,1.0,0.0
Images/home.jpg,226,226,11,saltpepper,5.0,,0.05000391573341687,L2-Hys,B_taylor_standard,B: Taylor + Standard HOG,0.9075308326804878,0.43004457285531356,0.9075308326804878,0.43004457285531356,1.0,0.0
Images/home.jpg,226,226,11,saltpepper,5.0,,0.05000391573341687,L2-Hys,C_taylor_robust,C: Taylor + Robust HOG,0.958766175235347,0.2871718118654408,0.9572129996228904,0.29253034159756525,0.9974400562777956,0.07155338876963534
Images/home.jpg,226,226,11,saltpepper,10.0,,0.10000783146683374,L2,A_sobel_standard,A: Sobel + Standard HOG,0.7703596437513267,0.6777025250781873,0.7258824097241648,0.7404290516664603,1.0,0.0
Images/home.jpg,226,226,11,saltpepper,10.0,,0.10000783146683374,L2,B_taylor_standard,B: Taylor + Standard HOG,0.8343183487444145,0.5756416441773343,0.8343183487444145,0.5756416441773343,1.0,0.0
Images/home.jpg,226,226,11,saltpepper,10.0,,0.10000783146683374,L2,C_taylor_robust,C: Taylor + Robust HOG,0.8636435257790137,0.5222192532279782,0.8618167087956824,0.5257057945359234,0.9962505322995151,0.08659639369494117
Images/home.jpg,226,226,11,saltpepper,10.0,,0.10000783146683374,L2-Hys,A_sobel_standard,A: Sobel + Standard HOG,0.8057581693788883,0.6232845748656136,0.7688730690592797,0.6798925370340602,1.0,0.0
Images/home.jpg,226,226,11,saltpepper,10.0,,0.10000783146683374,L2-Hys,B_taylor_standard,B: Taylor + Standard HOG,0.8520081919011123,0.5440437631401965,0.8520081919011123,0.5440437631401965,1.0,0.0
Images/home.jpg,226,226,11,saltpepper,10.0,,0.10000783146683374,L2-Hys,C_taylor_robust,C: Taylor + Robust HOG,0.8826831648756331,0.48438999809736305,0.879533146190219,0.49084998485104847,0.9974400562777956,0.07155338876963534
Images/home.jpg,226,226,11,gaussian,10.0,10.00501150361182,,L2,A_sobel_standard,A: Sobel + Standard HOG,0.8809777837826906,0.4878979733864666,0.8399652184465253,0.5657469072889068,1.0,0.0
Images/home.jpg,226,226,11,gaussian,10.0,10.00501150361182,,L2,B_taylor_standard,B: Taylor + Standard HOG,0.8968149797181852,0.45427969420131253,0.8968149797181852,0.45427969420131253,1.0,0.0
Images/home.jpg,226,226,11,gaussian,10.0,10.00501150361182,,L2,C_taylor_robust,C: Taylor + Robust HOG,0.8983820306621378,0.4508169680432797,0.8963749111197225,0.45524738083877386,0.9962505322995151,0.08659639369494117
Images/home.jpg,226,226,11,gaussian,10.0,10.00501150361182,,L2-Hys,A_sobel_standard,A: Sobel + Standard HOG,0.8870925050284473,0.47519994734234006,0.8527908781646177,0.5426032101717941,1.0,0.0
Images/home.jpg,226,226,11,gaussian,10.0,10.00501150361182,,L2-Hys,B_taylor_standard,B: Taylor + Standard HOG,0.9067691705738047,0.431812064282134,0.9067691705738047,0.431812064282134,1.0,0.0
Images/home.jpg,226,226,11,gaussian,10.0,10.00501150361182,,L2-Hys,C_taylor_robust,C: Taylor + Robust HOG,0.9096996861547612,0.42497132573518365,0.9065315457615646,0.432362010916904,0.9974400562777956,0.07155338876963534
Images/home.jpg,226,226,11,gaussian,20.0,20.005011503611815,,L2,A_sobel_standard,A: Sobel + Standard HOG,0.9493300931844398,0.31833914875667113,0.9012567495381344,0.4443945329588781,1.0,0.0
Images/home.jpg,226,226,11,gaussian,20.0,20.005011503611815,,L2,B_taylor_standard,B: Taylor + Standard HOG,0.948158464741912,0.3219985566989086,0.948158464741912,0.3219985566989086,1.0,0.0
Images/home.jpg,226,226,11,gaussian,20.0,20.005011503611815,,L2,C_taylor_robust,C: Taylor + Robust HOG,0.9472082649480699,0.3249361015705469,0.9457125432345556,0.3295070766021461,0.9962505322995151,0.08659639369494117
Images/home.jpg,226,226,11,gaussian,20.0,20.005011503611815,,L2-Hys,A_sobel_standard,A: Sobel + Standard HOG,0.9556162156682373,0.2979388673283389,0.9139464773118188,0.41485786165998206,1.0,0.0
Images/home.jpg,226,226,11,gaussian,20.0,20.005011503611815,,L2-Hys,B_taylor_standard,B: Taylor + Standard HOG,0.9587883088330259,0.28709472711085815,0.9587883088330259,0.28709472711085815,1.0,0.0
Images/home.jpg,226,226,11,gaussian,20.0,20.005011503611815,,L2-Hys,C_taylor_robust,C: Taylor + Robust HOG,0.9583474683283021,0.28862616538400443,0.956565350475998,0.2947359819382239,0.9974400562777956,0.07155338876963534
Images/home.jpg,226,226,11,gaussian,30.0,30.00501150361182,,L2,A_sobel_standard,A: Sobel + Standard HOG,0.9750649117008992,0.22331631511871694,0.9154610125807339,0.41119092261203777,1.0,0.0
Images/home.jpg,226,226,11,gaussian,30.0,30.00501150361182,,L2,B_taylor_standard,B: Taylor + Standard HOG,0.974649739802071,0.2251677605605627,0.974649739802071,0.2251677605605627,1.0,0.0
Images/home.jpg,226,226,11,gaussian,30.0,30.00501150361182,,L2,C_taylor_robust,C: Taylor + Robust HOG,0.9734610663131112,0.2303863437224053,0.9713091228943088,0.2395448897626142,0.9962505322995151,0.08659639369494117
Images/home.jpg,226,226,11,gaussian,30.0,30.00501150361182,,L2-Hys,A_sobel_standard,A: Sobel + Standard HOG,0.9798249152766642,0.20087351604131645,0.9283046589020097,0.37866962143558824,1.0,0.0
Images/home.jpg,226,226,11,gaussian,30.0,30.00501150361182,,L2-Hys,B_taylor_standard,B: Taylor + Standard HOG,0.9799612420127981,0.20019369614080368,0.9799612420127981,0.20019369614080368,1.0,0.0
Images/home.jpg,226,226,11,gaussian,30.0,30.00501150361182,,L2-Hys,C_taylor_robust,C: Taylor + Robust HOG,0.9792616736306686,0.2036581762139126,0.9775837780817923,0.21173673237448845,0.9974400562777956,0.07155338876963534
Images/home.jpg,226,226,29,saltpepper,1.0,,0.010004698880100242,L2,A_sobel_standard,A: Sobel + Standard HOG,0.8932791197160778,0.461997576365771,0.8358425105438244,0.5729877650634126,1.0,0.0
Images/home.jpg,226,226,29,saltpepper,1.0,,0.010004698880100242,L2,B_taylor_standard,B: Taylor + Standard HOG,0.9699989533765873,0.2449532470632439,0.9699989533765873,0.2449532470632439,1.0,0.0
Images/home.jpg,226,226,29,saltpepper,1.0,,0.010004698880100242,L2,C_taylor_robust,C: Taylor + Robust HOG,0.9955492321420889,0.09434795024706107,0.9926322497065484,0.12138987019888753,0.9962505322995151,0.08659639369494117
Images/home.jpg,226,226,29,saltpepper,1.0,,0.010004698880100242,L2-Hys,A_sobel_standard,A: Sobel + Standard HOG,0.9169997952350221,0.40743147832642057,0.8646862347191165,0.5202187333873595,1.0,0.0
Images/home.jpg,226,226,29,saltpepper,1.0,,0.010004698880100242,L2-Hys,B_taylor_standard,B: Taylor + Standard HOG,0.9833980984445749,0.18221910742526065,0.9833980984445749,0.18221910742526065,1.0,0.0
Images/home.jpg,226,226,29,saltpepper,1.0,,0.010004698880100242,L2-Hys,C_taylor_robust,C: Taylor + Robust HOG,0.9958742627904082,0.09083762667088385,0.9937502694905724,0.11180098845225943,0.9974400562777956,0.07155338876963534
Images/home.jpg,226,226,29,saltpepper,5.0,,0.05000391573341687,L2,A_sobel_standard,A: Sobel + Standard HOG,0.8072987091765916,0.6208080070737015,0.7616331614433335,0.6904590336242649,1.0,0.0
Images/home.jpg,226,226,29,saltpepper,5.0,,0.05000391573341687,L2,B_taylor_standard,B: Taylor + Standard HOG,0.8773993243242211,0.4951781006381114,0.8773993243242211,0.4951781006381114,1.0,0.0
Images/home.jpg,226,226,29,saltpepper,5.0,,0.05000391573341687,L2,C_taylor_robust,C: Taylor + Robust HOG,0.945311357200593,0.33072236936563215,0.943333912496635,0.33664844423631585,0.9962505322995151,0.08659639369494117
Images/home.jpg,226,226,29,saltpepper,5.0,,0.05000391573341687,L2-Hys,A_sobel_standard,A: Sobel + Standard HOG,0.8302248089005283,0.5827095178677497,0.7891384999925323,0.6494020326718374,1.0,0.0
Images/home.jpg,226,226,29,saltpepper,5.0,,0.05000391573341687,L2-Hys,B_taylor_standard,B: Taylor + Standard HOG,0.9026013121633735,0.4413585568184364,0.9026013121633735,0.4413585568184364,1.0,0.0
Images/home.jpg,226,226,29,saltpepper,5.0,,0.05000391573341687,L2-Hys,C_taylor_robust,C: Taylor + Robust HOG,0.9570892135876441,0.29295319220932386,0.9547136884760007,0.3009528585163251,0.9974400562777956,0.07155338876963534
Images/home.jpg,226,226,29,saltpepper,10.0,,0.10000783146683374,L2,A_sobel_standard,A: Sobel + Standard HOG,0.7641396301018488,0.6868192919511706,0.7215317468218819,0.7462817875013835,1.0,0.0
Images/home.jpg,226,226,29,saltpepper,10.0,,0.10000783146683374,L2,B_taylor_standard,B: Taylor + Standard HOG,0.8312792033363712,0.5808972312959253,0.8312792033363712,0.5808972312959253,1.0,0.0
Images/home.jpg,226,226,29,saltpepper,10.0,,0.10000783146683374,L2,C_taylor_robust,C: Taylor + Robust HOG,0.8621206454550115,0.5251273265504199,0.8605144860165167,0.5281770801227348,0.9962505322995151,0.08659639369494117
Images/home.jpg,226,226,29,saltpepper,10.0,,0.10000783146683374,L2-Hys,A_sobel_standard,A: Sobel + Standard HOG,0.8018382274702696,0.6295423298579019,0.7639023811257664,0.6871646365916352,1.0,0.0
Images/home.jpg,226,226,29,saltpepper,10.0,,0.10000783146683374,L2-Hys,B_taylor_standard,B: Taylor + Standard HOG,0.8519988489405699,0.5440609360472608,0.8519988489405699,0.5440609360472608,1.0,0.0
Images/home.jpg,226,226,29,saltpepper,10.0,,0.10000783146683374,L2-Hys,C_taylor_robust,C: Taylor + Robust HOG,0.8840851884417189,0.4814868878011322,0.8805580021374033,0.48875760427205056,0.9974400562777956,0.07155338876963534
Images/home.jpg,226,226,29,gaussian,10.0,10.013495630211022,,L2,A_sobel_standard,A: Sobel + Standard HOG,0.8781616478092499,0.49363620651396956,0.8380031224347931,0.5692044932451142,1.0,0.0
Images/home.jpg,226,226,29,gaussian,10.0,10.013495630211022,,L2,B_taylor_standard,B: Taylor + Standard HOG,0.8982965536110492,0.45100653296588716,0.8982965536110492,0.45100653296588716,1.0,0.0
Images/home.jpg,226,226,29,gaussian,10.0,10.013495630211022,,L2,C_taylor_robust,C: Taylor + Robust HOG,0.9009829736057909,0.4450101715561437,0.8985493209929886,0.45044573259609316,0.9962505322995151,0.08659639369494117
Images/home.jpg,226,226,29,gaussian,10.0,10.013495630211022,,L2-Hys,A_sobel_standard,A: Sobel + Standard HOG,0.8867648217940703,0.47588901691748203,0.8523588994978892,0.543398749558651,1.0,0.0
Images/home.jpg,226,226,29,gaussian,10.0,10.013495630211022,,L2-Hys,B_taylor_standard,B: Taylor + Standard HOG,0.9065330878897473,0.4323584441497242,0.9065330878897473,0.4323584441497242,1.0,0.0
Images/home.jpg,226,226,29,gaussian,10.0,10.013495630211022,,L2-Hys,C_taylor_robust,C: Taylor + Robust HOG,0.9102607754267212,0.4236489692575186,0.9069839544001316,0.43131437630425923,0.9974400562777956,0.07155338876963534
Images/home.jpg,226,226,29,gaussian,20.0,20.01349563021102,,L2,A_sobel_standard,A: Sobel + Standard HOG,0.9470407531962375,0.3254512154033635,0.898950632305216,0.4495539293450523,1.0,0.0
Images/home.jpg,226,226,29,gaussian,20.0,20.01349563021102,,L2,B_taylor_standard,B: Taylor + Standard HOG,0.9477625171979376,0.3232258739707086,0.9477625171979376,0.3232258739707086,1.0,0.0
Images/home.jpg,226,226,29,gaussian,20.0,20.01349563021102,,L2,C_taylor_robust,C: Taylor + Robust HOG,0.9478034889532154,0.32309909020852057,0.9462365475766369,0.32791295315484237,0.9962505322995151,0.08659639369494117
Images/home.jpg,226,226,29,gaussian,20.0,20.01349563021102,,L2-Hys,A_sobel_standard,A: Sobel + Standard HOG,0.954324302630098,0.3022439325135314,0.9119313262738483,0.4196872019221069,1.0,0.0
Images/home.jpg,226,226,29,gaussian,20.0,20.01349563021102,,L2-Hys,B_taylor_standard,B: Taylor + Standard HOG,0.9579038004052368,0.29015926521558066,0.9579038004052368,0.29015926521558066,1.0,0.0
Images/home.jpg,226,226,29,gaussian,20.0,20.01349563021102,,L2-Hys,C_taylor_robust,C: Taylor + Robust HOG,0.9583278699474099,0.2886940596999309,0.9566389202415021,0.2944862637170803,0.9974400562777956,0.07155338876963534
Images/home.jpg,226,226,29,gaussian,30.0,30.01349563021102,,L2,A_sobel_standard,A: Sobel + Standard HOG,0.9739519424913026,0.2282457338427054,0.9133691016219914,0.4162472783767158,1.0,0.0
Images/home.jpg,226,226,29,gaussian,30.0,30.01349563021102,,L2,B_taylor_standard,B: Taylor + Standard HOG,0.9743025153947327,0.22670458577306177,0.9743025153947327,0.22670458577306177,1.0,0.0
Images/home.jpg,226,226,29,gaussian,30.0,30.01349563021102,,L2,C_taylor_robust,C: Taylor + Robust HOG,0.9738615680733025,0.2286413432723742,0.97167796710061,0.23800013823269164,0.9962505322995151,0.08659639369494117
Images/home.jpg,226,226,29,gaussian,30.0,30.01349563021102,,L2-Hys,A_sobel_standard,A: Sobel + Standard HOG,0.979454835768431,0.20270749483747003,0.926543674923835,0.3832918602770241,1.0,0.0
Images/home.jpg,226,226,29,gaussian,30.0,30.01349563021102,,L2-Hys,B_taylor_standard,B: Taylor + Standard HOG,0.9798362010318408,0.20081732479153502,0.9798362010318408,0.20081732479153502,1.0,0.0
Images/home.jpg,226,226,29,gaussian,30.0,30.01349563021102,,L2-Hys,C_taylor_robust,C: Taylor + Robust HOG,0.9794689910972851,0.20263765150026253,0.9778042872199048,0.21069272782988335,0.9974400562777956,0.07155338876963534
Images/home.jpg,226,226,47,saltpepper,1.0,,0.010004698880100242,L2,A_sobel_standard,A: Sobel + Standard HOG,0.8956933056930153,0.45674214674581076,0.8368570701039116,0.5712143728865634,1.0,0.0
Images/home.jpg,226,226,47,saltpepper,1.0,,0.010004698880100242,L2,B_taylor_standard,B: Taylor + Standard HOG,0.9716810068900252,0.23798736567294992,0.9716810068900252,0.23798736567294992,1.0,0.0
Images/home.jpg,226,226,47,saltpepper,1.0,,0.010004698880100242,L2,C_taylor_robust,C: Taylor + Robust HOG,0.9960114410302356,0.08931471289506751,0.9933179220741962,0.11560344221348869,0.9962505322995151,0.08659639369494117
Images/home.jpg,226,226,47,saltpepper,1.0,,0.010004698880100242,L2-Hys,A_sobel_standard,A: Sobel + Standard HOG,0.9195190126386678,0.40120066640516827,0.8679693925556403,0.5138688693567839,1.0,0.0
Images/home.jpg,226,226,47,saltpepper,1.0,,0.010004698880100242,L2-Hys,B_taylor_standard,B: Taylor + Standard HOG,0.9853513318772781,0.17116464659917752,0.9853513318772781,0.17116464659917752,1.0,0.0
Images/home.jpg,226,226,47,saltpepper,1.0,,0.010004698880100242,L2-Hys,C_taylor_robust,C: Taylor + Robust HOG,0.9963052607868208,0.08596207551221302,0.9944069438926891,0.10576441847170298,0.9974400562777956,0.07155338876963534
Images/home.jpg,226,226,47,saltpepper,5.0,,0.05000391573341687,L2,A_sobel_standard,A: Sobel + Standard HOG,0.8125266949968692,0.6123288413967332,0.7656244669256956,0.6846539754858866,1.0,0.0
Images/home.jpg,226,226,47,saltpepper,5.0,,0.05000391573341687,L2,B_taylor_standard,B: Taylor + Standard HOG,0.8783212813766532,0.49331271749946154,0.8783212813766532,0.49331271749946154,1.0,0.0
Images/home.jpg,226,226,47,saltpepper,5.0,,0.05000391573341687,L2,C_taylor_robust,C: Taylor + Robust HOG,0.9472692859779103,0.3247482533350754,0.9463922788622766,0.3274376922033392,0.9962505322995151,0.08659639369494117
Images/home.jpg,226,226,47,saltpepper,5.0,,0.05000391573341687,L2-Hys,A_sobel_standard,A: Sobel + Standard HOG,0.8335338086702746,0.5770029312527174,0.7945576426330023,0.6410028976199678,1.0,0.0
Images/home.jpg,226,226,47,saltpepper,5.0,,0.05000391573341687,L2-Hys,B_taylor_standard,B: Taylor + Standard HOG,0.9064174639208501,0.43262578767536036,0.9064174639208501,0.43262578767536036,1.0,0.0
Images/home.jpg,226,226,47,saltpepper,5.0,,0.05000391573341687,L2-Hys,C_taylor_robust,C: Taylor + Robust HOG,0.9590472380259992,0.2861914113822633,0.957450934289593,0.291715840197251,0.9974400562777956,0.07155338876963534
Images/home.jpg,226,226,47,saltpepper,10.0,,0.10000783146683374,L2,A_sobel_standard,A: Sobel + Standard HOG,0.7645021477332204,0.6862912680003761,0.718857346999447,0.7498568570074758,1.0,0.0
Images/home.jpg,226,226,47,saltpepper,10.0,,0.10000783146683374,L2,B_taylor_standard,B: Taylor + Standard HOG,0.8261516548832343,0.5896581130057873,0.8261516548832343,0.5896581130057873,1.0,0.0
Images/home.jpg,226,226,47,saltpepper,10.0,,0.10000783146683374,L2,C_taylor_robust,C: Taylor + Robust HOG,0.8548744803782755,0.5387495143788665,0.8526869682491913,0.5427946789547864,0.9962505322995151,0.08659639369494117
Images/home.jpg,226,226,47,saltpepper,10.0,,0.10000783146683374,L2-Hys,A_sobel_standard,A: Sobel + Standard HOG,0.8039946250904919,0.6261076184191979,0.7652838614086862,0.6851512805333505,1.0,0.0
Images/home.jpg,226,226,47,saltpepper,10.0,,0.10000783146683374,L2-Hys,B_taylor_standard,B: Taylor + Standard HOG,0.8486117993567787,0.5502512165374013,0.8486117993567787,0.5502512165374013,1.0,0.0
Images/home.jpg,226,226,47,saltpepper,10.0,,0.10000783146683374,L2-Hys,C_taylor_robust,C: Taylor + Robust HOG,0.8771790651447287,0.49562270904310646,0.8738092265943185,0.5023759019108863,0.9974400562777956,0.07155338876963534
Images/home.jpg,226,226,47,gaussian,10.0,10.0444035444984,,L2,A_sobel_standard,A: Sobel + Standard HOG,0.8795792645293556,0.49075601977081335,0.8388297448217795,0.5677503944132973,1.0,0.0
Images/home.jpg,226,226,47,gaussian,10.0,10.0444035444984,,L2,B_taylor_standard,B: Taylor + Standard HOG,0.8992545455897938,0.44887738729013843,0.8992545455897938,0.44887738729013843,1.0,0.0
Images/home.jpg,226,226,47,gaussian,10.0,10.0444035444984,,L2,C_taylor_robust,C: Taylor + Robust HOG,0.9019911987002613,0.4427387520869248,0.8994203065242621,0.4485079563970791,0.9962505322995151,0.08659639369494117
Images/home.jpg,226,226,47,gaussian,10.0,10.0444035444984,,L2-Hys,A_sobel_standard,A: Sobel + Standard HOG,0.8884818585251609,0.4722671732825992,0.8523708013250345,0.5433768465509056,1.0,0.0
Images/home.jpg,226,226,47,gaussian,10.0,10.0444035444984,,L2-Hys,B_taylor_standard,B: Taylor + Standard HOG,0.9086185154668474,0.42750785849291284,0.9086185154668474,0.42750785849291284,1.0,0.0
Images/home.jpg,226,226,47,gaussian,10.0,10.0444035444984,,L2-Hys,C_taylor_robust,C: Taylor + Robust HOG,0.9125451033870112,0.4182221816597722,0.9090365724031488,0.42652884451182155,0.9974400562777956,0.07155338876963534
Images/home.jpg,226,226,47,gaussian,20.0,20.0444035444984,,L2,A_sobel_standard,A: Sobel + Standard HOG,0.9477900656482412,0.3231406330121898,0.9013087521226043,0.444277498591589,1.0,0.0
Images/home.jpg,226,226,47,gaussian,20.0,20.0444035444984,,L2,B_taylor_standard,B: Taylor + Standard HOG,0.9473454100488853,0.3245137591878551,0.9473454100488853,0.3245137591878551,1.0,0.0
Images/home.jpg,226,226,47,gaussian,20.0,20.0444035444984,,L2,C_taylor_robust,C: Taylor + Robust HOG,0.9477820974019743,0.32316529082817197,0.9458044641723293,0.3292279934260528,0.9962505322995151,0.08659639369494117
Images/home.jpg,226,226,47,gaussian,20.0,20.0444035444984,,L2-Hys,A_sobel_standard,A: Sobel + Standard HOG,0.9548429119234588,0.30052317074471413,0.9139526220740904,0.41484304966639657,1.0,0.0
Images/home.jpg,226,226,47,gaussian,20.0,20.0444035444984,,L2-Hys,B_taylor_standard,B: Taylor + Standard HOG,0.958748366776701,0.2872338184258613,0.958748366776701,0.2872338184258613,1.0,0.0
Images/home.jpg,226,226,47,gaussian,20.0,20.0444035444984,,L2-Hys,C_taylor_robust,C: Taylor + Robust HOG,0.9592763123416943,0.28538986547780826,0.9573862723340675,0.29193741680863516,0.9974400562777956,0.07155338876963534
Images/home.jpg,226,226,47,gaussian,30.0,30.0444035444984,,L2,A_sobel_standard,A: Sobel + Standard HOG,0.9742120452279381,0.2271033014822198,0.9142474366756795,0.41413177449774013,1.0,0.0
Images/home.jpg,226,226,47,gaussian,30.0,30.0444035444984,,L2,B_taylor_standard,B: Taylor + Standard HOG,0.9747716970526361,0.22462547917529027,0.9747716970526361,0.22462547917529027,1.0,0.0
Images/home.jpg,226,226,47,gaussian,30.0,30.0444035444984,,L2,C_taylor_robust,C: Taylor + Robust HOG,0.9742467674998269,0.22695035800885355,0.9717374768755178,0.23774996582326768,0.9962505322995151,0.08659639369494117
Images/home.jpg,226,226,47,gaussian,30.0,30.0444035444984,,L2-Hys,A_sobel_standard,A: Sobel + Standard HOG,0.979921533171556,0.20039195008037672,0.927375416791964,0.38111568639756993,1.0,0.0
Images/home.jpg,226,226,47,gaussian,30.0,30.0444035444984,,L2-Hys,B_taylor_standard,B: Taylor + Standard HOG,0.9807413211720869,0.19625839512219526,0.9807413211720869,0.19625839512219526,1.0,0.0
Images/home.jpg,226,226,47,gaussian,30.0,30.0444035444984,,L2-Hys,C_taylor_robust,C: Taylor + Robust HOG,0.9807201748567863,0.19636611287728978,0.9789752085808695,0.20505994937691233,0.9974400562777956,0.07155338876963534
Images/girl.png,196,256,11,saltpepper,1.0,,0.009785554846938776,L2,A_sobel_standard,A: Sobel + Standard HOG,0.918562417214272,0.40357795476395447,0.846032522583656,0.5549188722981849,1.0,0.0
Images/girl.png,196,256,11,saltpepper,1.0,,0.009785554846938776,L2,B_taylor_standard,B: Taylor + Standard HOG,0.9931245687687438,0.11726407149042932,0.9931245687687438,0.11726407149042932,1.0,0.0
Images/girl.png,196,256,11,saltpepper,1.0,,0.009785554846938776,L2,C_taylor_robust,C: Taylor + Robust HOG,0.9968022279390787,0.07997214591245147,0.9913762747893486,0.13132954892674636,0.9934361598660673,0.11457608942473736
Images/girl.png,196,256,11,saltpepper,1.0,,0.009785554846938776,L2-Hys,A_sobel_standard,A: Sobel + Standard HOG,0.9293537226915849,0.3758890190193315,0.8664371340984193,0.5168420762793805,1.0,0.0
Images/girl.png,196,256,11,saltpepper,1.0,,0.009785554846938776,L2-Hys,B_taylor_standard,B: Taylor + Standard HOG,0.991995637282685,0.1265255920148298,0.991995637282685,0.1265255920148298,1.0,0.0
Images/girl.png,196,256,11,saltpepper,1.0,,0.009785554846938776,L2-Hys,C_taylor_robust,C: Taylor + Robust HOG,0.9966168237831525,0.08225784116851889,0.993549143920842,0.11358570402296098,0.9960989881151717,0.08832906525991539
Images/girl.png,196,256,11,saltpepper,5.0,,0.04858896683673469,L2,A_sobel_standard,A: Sobel + Standard HOG,0.7869434948481644,0.6527733222977726,0.7279013958099341,0.7376972335451274,1.0,0.0
Images/girl.png,196,256,11,saltpepper,5.0,,0.04858896683673469,L2,B_taylor_standard,B: Taylor + Standard HOG,0.9192836774952842,0.4017868153753079,0.9192836774952842,0.4017868153753079,1.0,0.0
Images/girl.png,196,256,11,saltpepper,5.0,,0.04858896683673469,L2,C_taylor_robust,C: Taylor + Robust HOG,0.9730901118452606,0.23199089704011844,0.9724811571853503,0.2346011202643752,0.9934361598660673,0.11457608942473736
Images/girl.png,196,256,11,saltpepper,5.0,,0.04858896683673469,L2-Hys,A_sobel_standard,A: Sobel + Standard HOG,0.8317697985137827,0.580052069204832,0.7783299338796412,0.6658379174171899,1.0,0.0
Images/girl.png,196,256,11,saltpepper,5.0,,0.04858896683673469,L2-Hys,B_taylor_standard,B: Taylor + Standard HOG,0.9261836493575558,0.3842300109167073,0.9261836493575558,0.3842300109167073,1.0,0.0
Images/girl.png,196,256,11,saltpepper,5.0,,0.04858896683673469,L2-Hys,C_taylor_robust,C: Taylor + Robust HOG,0.9724859062301123,0.23458087633171623,0.9715654711429847,0.23847234161446088,0.9960989881151717,0.08832906525991539
Images/girl.png,196,256,11,saltpepper,10.0,,0.09769610969387756,L2,A_sobel_standard,A: Sobel + Standard HOG,0.7235376612357807,0.743589051511949,0.6710481734681973,0.811112601963259,1.0,0.0
Images/girl.png,196,256,11,saltpepper,10.0,,0.09769610969387756,L2,B_taylor_standard,B: Taylor + Standard HOG,0.8327830340110745,0.5783026300976442,0.8327830340110745,0.5783026300976442,1.0,0.0
Images/girl.png,196,256,11,saltpepper,10.0,,0.09769610969387756,L2,C_taylor_robust,C: Taylor + Robust HOG,0.8997501236169021,0.4477719874737545,0.8997437744585518,0.4477861666944355,0.9934361598660673,0.11457608942473736
Images/girl.png,196,256,11,saltpepper,10.0,,0.09769610969387756,L2-Hys,A_sobel_standard,A: Sobel + Standard HOG,0.7915596214528763,0.6456630368232573,0.7404224286978575,0.720524213781682,1.0,0.0
Images/girl.png,196,256,11,saltpepper,10.0,,0.09769610969387756,L2-Hys,B_taylor_standard,B: Taylor + Standard HOG,0.8507397747453691,0.5463702504027386,0.8507397747453691,0.5463702504027386,1.0,0.0
Images/girl.png,196,256,11,saltpepper,10.0,,0.09769610969387756,L2-Hys,C_taylor_robust,C: Taylor + Robust HOG,0.9025813282417081,0.4414038327020385,0.901493397599365,0.44386169558734695,0.9960989881151717,0.08832906525991539
Images/girl.png,196,256,11,gaussian,10.0,10.000210992367716,,L2,A_sobel_standard,A: Sobel + Standard HOG,0.7886254100328944,0.6501916486192453,0.7318092644180038,0.7323806873231945,1.0,0.0
Images/girl.png,196,256,11,gaussian,10.0,10.000210992367716,,L2,B_taylor_standard,B: Taylor + Standard HOG,0.8158579892182795,0.6068640882136976,0.8158579892182795,0.6068640882136976,1.0,0.0
Images/girl.png,196,256,11,gaussian,10.0,10.000210992367716,,L2,C_taylor_robust,C: Taylor + Robust HOG,0.8184931870385845,0.6025061210666932,0.8164699801896318,0.6058548007738634,0.9934361598660673,0.11457608942473736
Images/girl.png,196,256,11,gaussian,10.0,10.000210992367716,,L2-Hys,A_sobel_standard,A: Sobel + Standard HOG,0.8321934465925808,0.5793212466631179,0.7790620015823899,0.6647375398383295,1.0,0.0
Images/girl.png,196,256,11,gaussian,10.0,10.000210992367716,,L2-Hys,B_taylor_standard,B: Taylor + Standard HOG,0.8431329218029752,0.5601197697037394,0.8431329218029752,0.5601197697037394,1.0,0.0
Images/girl.png,196,256,11,gaussian,10.0,10.000210992367716,,L2-Hys,C_taylor_robust,C: Taylor + Robust HOG,0.8459654440844304,0.5550397389814891,0.843149908038186,0.5600894428060678,0.9960989881151717,0.08832906525991539
Images/girl.png,196,256,11,gaussian,20.0,20.000210992367716,,L2,A_sobel_standard,A: Sobel + Standard HOG,0.9138270034046101,0.41514574933483284,0.8467501332731029,0.5536241806982378,1.0,0.0
Images/girl.png,196,256,11,gaussian,20.0,20.000210992367716,,L2,B_taylor_standard,B: Taylor + Standard HOG,0.9341108951452889,0.36301268532851905,0.9341108951452889,0.36301268532851905,1.0,0.0
Images/girl.png,196,256,11,gaussian,20.0,20.000210992367716,,L2,C_taylor_robust,C: Taylor + Robust HOG,0.9322537691209554,0.36809300693994407,0.9315206726625767,0.37007925458588886,0.9934361598660673,0.11457608942473736
Images/girl.png,196,256,11,gaussian,20.0,20.000210992367716,,L2-Hys,A_sobel_standard,A: Sobel + Standard HOG,0.9248898295659491,0.38758268907791793,0.8667411409201824,0.5162535405912533,1.0,0.0
Images/girl.png,196,256,11,gaussian,20.0,20.000210992367716,,L2-Hys,B_taylor_standard,B: Taylor + Standard HOG,0.9366815091233566,0.35586090225912986,0.9366815091233566,0.35586090225912986,1.0,0.0
Images/girl.png,196,256,11,gaussian,20.0,20.000210992367716,,L2-Hys,C_taylor_robust,C: Taylor + Robust HOG,0.9360513626088037,0.3576272847330841,0.9347583977724921,0.36122459005279894,0.9960989881151717,0.08832906525991539
Images/girl.png,196,256,11,gaussian,30.0,30.00021099236772,,L2,A_sobel_standard,A: Sobel + Standard HOG,0.9781798082580222,0.20890280870288924,0.9007271902995804,0.44558458164622394,1.0,0.0
Images/girl.png,196,256,11,gaussian,30.0,30.00021099236772,,L2,B_taylor_standard,B: Taylor + Standard HOG,0.9846051054271934,0.1754701944650806,0.9846051054271934,0.1754701944650806,1.0,0.0
Images/girl.png,196,256,11,gaussian,30.0,30.00021099236772,,L2,C_taylor_robust,C: Taylor + Robust HOG,0.9831975143749185,0.1833165874932292,0.9796341372633773,0.20182102336784705,0.9934361598660673,0.11457608942473736
Images/girl.png,196,256,11,gaussian,30.0,30.00021099236772,,L2-Hys,A_sobel_standard,A: Sobel + Standard HOG,0.9787347162911905,0.20622940483360774,0.9123583684916431,0.4186684404413761,1.0,0.0
Images/girl.png,196,256,11,gaussian,30.0,30.00021099236772,,L2-Hys,B_taylor_standard,B: Taylor + Standard HOG,0.983477015701214,0.18178550161601462,0.983477015701214,0.18178550161601462,1.0,0.0
Images/girl.png,196,256,11,gaussian,30.0,30.00021099236772,,L2-Hys,C_taylor_robust,C: Taylor + Robust HOG,0.98240061670544,0.1876133433136991,0.9804492237307049,0.19774112505750405,0.9960989881151717,0.08832906525991539
Images/girl.png,196,256,29,saltpepper,1.0,,0.009825414540816327,L2,A_sobel_standard,A: Sobel + Standard HOG,0.911575759744196,0.42053356645053735,0.8358501144856473,0.572974494221782,1.0,0.0
Images/girl.png,196,256,29,saltpepper,1.0,,0.009825414540816327,L2,B_taylor_standard,B: Taylor + Standard HOG,0.9889423234027525,0.14871231688900366,0.9889423234027525,0.14871231688900366,1.0,0.0
Images/girl.png,196,256,29,saltpepper,1.0,,0.009825414540816327,L2,C_taylor_robust,C: Taylor + Robust HOG,0.9968612300571816,0.0792309275828375,0.9917339957340762,0.1285768584615741,0.9934361598660673,0.11457608942473736
Images/girl.png,196,256,29,saltpepper,1.0,,0.009825414540816327,L2-Hys,A_sobel_standard,A: Sobel + Standard HOG,0.9254471459257924,0.3861420828541792,0.8607044403076829,0.5278173163079523,1.0,0.0
Images/girl.png,196,256,29,saltpepper,1.0,,0.009825414540816327,L2-Hys,B_taylor_standard,B: Taylor + Standard HOG,0.9904905879599785,0.13790875273200753,0.9904905879599785,0.13790875273200753,1.0,0.0
Images/girl.png,196,256,29,saltpepper,1.0,,0.009825414540816327,L2-Hys,C_taylor_robust,C: Taylor + Robust HOG,0.9969652242707747,0.07790732608977961,0.993818446136291,0.1111895126686381,0.9960989881151717,0.08832906525991539
Images/girl.png,196,256,29,saltpepper,5.0,,0.04858896683673469,L2,A_sobel_standard,A: Sobel + Standard HOG,0.787599186338373,0.6517680778645539,0.7281577269697975,0.7373496769243254,1.0,0.0
Images/girl.png,196,256,29,saltpepper,5.0,,0.04858896683673469,L2,B_taylor_standard,B: Taylor + Standard HOG,0.9180653660359598,0.40480769252582255,0.9180653660359598,0.40480769252582255,1.0,0.0
Images/girl.png,196,256,29,saltpepper,5.0,,0.04858896683673469,L2,C_taylor_robust,C: Taylor + Robust HOG,0.971290454100894,0.23962281151470552,0.9697802791906368,0.245844344288671,0.9934361598660673,0.11457608942473736
Images/girl.png,196,256,29,saltpepper,5.0,,0.04858896683673469,L2-Hys,A_sobel_standard,A: Sobel + Standard HOG,0.8286342436100299,0.5854327568530416,0.7731405012617907,0.673586666663445,1.0,0.0
Images/girl.png,196,256,29,saltpepper,5.0,,0.04858896683673469,L2-Hys,B_taylor_standard,B: Taylor + Standard HOG,0.9238996112516195,0.390129180530192,0.9238996112516195,0.390129180530192,1.0,0.0
Images/girl.png,196,256,29,saltpepper,5.0,,0.04858896683673469,L2-Hys,C_taylor_robust,C: Taylor + Robust HOG,0.9710714582284294,0.24053499442691792,0.9695770192259647,0.24666974185982668,0.9960989881151717,0.08832906525991539
Images/girl.png,196,256,29,saltpepper,10.0,,0.09751674107142858,L2,A_sobel_standard,A: Sobel + Standard HOG,0.7225768773991796,0.7448800206755726,0.66763420292272,0.8153107347230029,1.0,0.0
Images/girl.png,196,256,29,saltpepper,10.0,,0.09751674107142858,L2,B_taylor_standard,B: Taylor + Standard HOG,0.831139381936828,0.5811378804778997,0.831139381936828,0.5811378804778997,1.0,0.0
Images/girl.png,196,256,29,saltpepper,10.0,,0.09751674107142858,L2,C_taylor_robust,C: Taylor + Robust HOG,0.9011020392493324,0.4447425339467044,0.8992107130460131,0.44897502592903066,0.9934361598660673,0.11457608942473736
Images/girl.png,196,256,29,saltpepper,10.0,,0.09751674107142858,L2-Hys,A_sobel_standard,A: Sobel + Standard HOG,0.7902455918364759,0.64769500256885,0.7375974296859866,0.7244343591173324,1.0,0.0
Images/girl.png,196,256,29,saltpepper,10.0,,0.09751674107142858,L2-Hys,B_taylor_standard,B: Taylor + Standard HOG,0.8470530622629875,0.5530767356260239,0.8470530622629875,0.5530767356260239,1.0,0.0
Images/girl.png,196,256,29,saltpepper,10.0,,0.09751674107142858,L2-Hys,C_taylor_robust,C: Taylor + Robust HOG,0.9023935104866694,0.44182912877521513,0.9006434954062317,0.4457723737471187,0.9960989881151717,0.08832906525991539
Images/girl.png,196,256,29,gaussian,10.0,10.016609497550675,,L2,A_sobel_standard,A: Sobel + Standard HOG,0.7937604104641575,0.6422454196580042,0.7333854865787536,0.7302253260757912,1.0,0.0
Images/girl.png,196,256,29,gaussian,10.0,10.016609497550675,,L2,B_taylor_standard,B: Taylor + Standard HOG,0.8126489322630455,0.6121291820146385,0.8126489322630455,0.6121291820146385,1.0,0.0
Images/girl.png,196,256,29,gaussian,10.0,10.016609497550675,,L2,C_taylor_robust,C: Taylor + Robust HOG,0.8149120450441316,0.6084208329041163,0.8129113406101217,0.6117003504819641,0.9934361598660673,0.11457608942473736
Images/girl.png,196,256,29,gaussian,10.0,10.016609497550675,,L2-Hys,A_sobel_standard,A: Sobel + Standard HOG,0.835540682588327,0.5735142847770118,0.7803699075986928,0.6627670668020095,1.0,0.0
Images/girl.png,196,256,29,gaussian,10.0,10.016609497550675,,L2-Hys,B_taylor_standard,B: Taylor + Standard HOG,0.8417874994719463,0.562516667375725,0.8417874994719463,0.562516667375725,1.0,0.0
Images/girl.png,196,256,29,gaussian,10.0,10.016609497550675,,L2-Hys,C_taylor_robust,C: Taylor + Robust HOG,0.8440533067358372,0.5584741592466576,0.8414695761022027,0.5630815640874818,0.9960989881151717,0.08832906525991539
Images/girl.png,196,256,29,gaussian,20.0,20.01660949755067,,L2,A_sobel_standard,A: Sobel + Standard HOG,0.9151322558552262,0.41198967012480786,0.8446323340176256,0.5574363927523476,1.0,0.0
Images/girl.png,196,256,29,gaussian,20.0,20.01660949755067,,L2,B_taylor_standard,B: Taylor + Standard HOG,0.9352814830719572,0.35977358693501404,0.9352814830719572,0.35977358693501404,1.0,0.0
Images/girl.png,196,256,29,gaussian,20.0,20.01660949755067,,L2,C_taylor_robust,C: Taylor + Robust HOG,0.9322138968452331,0.3682013122050682,0.9320589228614162,0.3686219666232165,0.9934361598660673,0.11457608942473736
Images/girl.png,196,256,29,gaussian,20.0,20.01660949755067,,L2-Hys,A_sobel_standard,A: Sobel + Standard HOG,0.9251146907029595,0.38700209120721646,0.8645250146505304,0.5205285493730324,1.0,0.0
Images/girl.png,196,256,29,gaussian,20.0,20.01660949755067,,L2-Hys,B_taylor_standard,B: Taylor + Standard HOG,0.9367477967893929,0.35567457939042013,0.9367477967893929,0.35567457939042013,1.0,0.0
Images/girl.png,196,256,29,gaussian,20.0,20.01660949755067,,L2-Hys,C_taylor_robust,C: Taylor + Robust HOG,0.9357080279468973,0.3585860344594223,0.9348842822681657,0.36087592807972524,0.9960989881151717,0.08832906525991539
Images/girl.png,196,256,29,gaussian,30.0,30.016609497550675,,L2,A_sobel_standard,A: Sobel + Standard HOG,0.9778211298242485,0.21061277347659405,0.9008111576471906,0.44539609866457053,1.0,0.0
Images/girl.png,196,256,29,gaussian,30.0,30.016609497550675,,L2,B_taylor_standard,B: Taylor + Standard HOG,0.9845219746918308,0.17594331648669737,0.9845219746918308,0.17594331648669737,1.0,0.0
Images/girl.png,196,256,29,gaussian,30.0,30.016609497550675,,L2,C_taylor_robust,C: Taylor + Robust HOG,0.9824444533095242,0.18737954365658835,0.9789335509477733,0.2052629974068713,0.9934361598660673,0.11457608942473736
Images/girl.png,196,256,29,gaussian,30.0,30.016609497550675,,L2-Hys,A_sobel_standard,A: Sobel + Standard HOG,0.9778886250369861,0.21029205863855452,0.912555449180964,0.41819744337206305,1.0,0.0
Images/girl.png,196,256,29,gaussian,30.0,30.016609497550675,,L2-Hys,B_taylor_standard,B: Taylor + Standard HOG,0.9834667311198991,0.18184206818114543,0.9834667311198991,0.18184206818114543,1.0,0.0
Images/girl.png,196,256,29,gaussian,30.0,30.016609497550675,,L2-Hys,C_taylor_robust,C: Taylor + Robust HOG,0.9821738244853329,0.18881830162761973,0.980500737297149,0.19748044309777815,0.9960989881151717,0.08832906525991539
Images/girl.png,196,256,47,saltpepper,1.0,,0.009845344387755101,L2,A_sobel_standard,A: Sobel + Standard HOG,0.9139230736806606,0.4149142714328821,0.8409797506205665,0.5639507946256203,1.0,0.0
Images/girl.png,196,256,47,saltpepper,1.0,,0.009845344387755101,L2,B_taylor_standard,B: Taylor + Standard HOG,0.9922724345021846,0.12431866712457343,0.9922724345021846,0.12431866712457343,1.0,0.0
Images/girl.png,196,256,47,saltpepper,1.0,,0.009845344387755101,L2,C_taylor_robust,C: Taylor + Robust HOG,0.9968920293733822,0.07884124081491561,0.991261394867554,0.13220140038929787,0.9934361598660673,0.11457608942473736
Images/girl.png,196,256,47,saltpepper,1.0,,0.009845344387755101,L2-Hys,A_sobel_standard,A: Sobel + Standard HOG,0.9266668693228008,0.3829703139371188,0.8639155309195072,0.5216981293535614,1.0,0.0
Images/girl.png,196,256,47,saltpepper,1.0,,0.009845344387755101,L2-Hys,B_taylor_standard,B: Taylor + Standard HOG,0.991957720148893,0.12682491751343658,0.991957720148893,0.12682491751343658,1.0,0.0
Images/girl.png,196,256,47,saltpepper,1.0,,0.009845344387755101,L2-Hys,C_taylor_robust,C: Taylor + Robust HOG,0.9963609623350155,0.08531163654499277,0.993559741160493,0.11349236837381642,0.9960989881151717,0.08832906525991539
Images/girl.png,196,256,47,saltpepper,5.0,,0.04886798469387755,L2,A_sobel_standard,A: Sobel + Standard HOG,0.7882284186066867,0.6508019382167111,0.7273199296286352,0.7384850308183178,1.0,0.0
Images/girl.png,196,256,47,saltpepper,5.0,,0.04886798469387755,L2,B_taylor_standard,B: Taylor + Standard HOG,0.918452540485088,0.4038501195119605,0.918452540485088,0.4038501195119605,1.0,0.0
Images/girl.png,196,256,47,saltpepper,5.0,,0.04886798469387755,L2,C_taylor_robust,C: Taylor + Robust HOG,0.9727030322251646,0.23365345182485764,0.9714667167043011,0.23888609543336414,0.9934361598660673,0.11457608942473736
Images/girl.png,196,256,47,saltpepper,5.0,,0.04886798469387755,L2-Hys,A_sobel_standard,A: Sobel + Standard HOG,0.832659779897481,0.5785157216715529,0.7772208598783577,0.6675015208019784,1.0,0.0
Images/girl.png,196,256,47,saltpepper,5.0,,0.04886798469387755,L2-Hys,B_taylor_standard,B: Taylor + Standard HOG,0.9219585916877149,0.3950731788278152,0.9219585916877149,0.3950731788278152,1.0,0.0
Images/girl.png,196,256,47,saltpepper,5.0,,0.04886798469387755,L2-Hys,C_taylor_robust,C: Taylor + Robust HOG,0.970935260787327,0.24110055666909577,0.9698485282139233,0.2455665766614979,0.9960989881151717,0.08832906525991539
Images/girl.png,196,256,47,saltpepper,10.0,,0.09765625,L2,A_sobel_standard,A: Sobel + Standard HOG,0.7172764885096963,0.7519621153892053,0.661878359656192,0.8223401246975723,1.0,0.0
Images/girl.png,196,256,47,saltpepper,10.0,,0.09765625,L2,B_taylor_standard,B: Taylor + Standard HOG,0.8318620743984324,0.579892965298887,0.8318620743984324,0.579892965298887,1.0,0.0
Images/girl.png,196,256,47,saltpepper,10.0,,0.09765625,L2,C_taylor_robust,C: Taylor + Robust HOG,0.8995119199138552,0.4483036472886322,0.8992988635606596,0.44877864574718945,0.9934361598660673,0.11457608942473736
Images/girl.png,196,256,47,saltpepper,10.0,,0.09765625,L2-Hys,A_sobel_standard,A: Sobel + Standard HOG,0.7890953915393655,0.6494684110461575,0.7354105094054332,0.7274468923783642,1.0,0.0
Images/girl.png,196,256,47,saltpepper,10.0,,0.09765625,L2-Hys,B_taylor_standard,B: Taylor + Standard HOG,0.852173835801786,0.5437392099270896,0.852173835801786,0.5437392099270896,1.0,0.0
Images/girl.png,196,256,47,saltpepper,10.0,,0.09765625,L2-Hys,C_taylor_robust,C: Taylor + Robust HOG,0.905858856034145,0.43391506996046253,0.9044221935435734,0.43721346379185844,0.9960989881151717,0.08832906525991539
Images/girl.png,196,256,47,gaussian,10.0,10.04013867292144,,L2,A_sobel_standard,A: Sobel + Standard HOG,0.7876018179017152,0.6517640402757507,0.728596344045998,0.7367545805137594,1.0,0.0
Images/girl.png,196,256,47,gaussian,10.0,10.04013867292144,,L2,B_taylor_standard,B: Taylor + Standard HOG,0.8236686743884171,0.5938540655945427,0.8236686743884171,0.5938540655945427,1.0,0.0
Images/girl.png,196,256,47,gaussian,10.0,10.04013867292144,,L2,C_taylor_robust,C: Taylor + Robust HOG,0.8256472636917279,0.5905128894584313,0.8243170254689007,0.5927612918048883,0.9934361598660673,0.11457608942473736
Images/girl.png,196,256,47,gaussian,10.0,10.04013867292144,,L2-Hys,A_sobel_standard,A: Sobel + Standard HOG,0.8345413223211808,0.5752541658935949,0.7793285150303279,0.6643364885165856,1.0,0.0
Images/girl.png,196,256,47,gaussian,10.0,10.04013867292144,,L2-Hys,B_taylor_standard,B: Taylor + Standard HOG,0.8480038636723931,0.5513549425495134,0.8480038636723931,0.5513549425495134,1.0,0.0
Images/girl.png,196,256,47,gaussian,10.0,10.04013867292144,,L2-Hys,C_taylor_robust,C: Taylor + Robust HOG,0.8506458293252148,0.5465421679675561,0.8481804973820009,0.551034486447723,0.9960989881151717,0.08832906525991539
Images/girl.png,196,256,47,gaussian,20.0,20.04013867292144,,L2,A_sobel_standard,A: Sobel + Standard HOG,0.9146028839889613,0.4132725880361261,0.8453618916652341,0.5561260798322023,1.0,0.0
Images/girl.png,196,256,47,gaussian,20.0,20.04013867292144,,L2,B_taylor_standard,B: Taylor + Standard HOG,0.9408332284103672,0.3439964290210959,0.9408332284103672,0.3439964290210959,1.0,0.0
Images/girl.png,196,256,47,gaussian,20.0,20.04013867292144,,L2,C_taylor_robust,C: Taylor + Robust HOG,0.9381136856327122,0.3518133435993809,0.9379438047006315,0.35229588501533354,0.9934361598660673,0.11457608942473736
Images/girl.png,196,256,47,gaussian,20.0,20.04013867292144,,L2-Hys,A_sobel_standard,A: Sobel + Standard HOG,0.9255736250135937,0.38581439835438447,0.8659077319575578,0.5178653648375914,1.0,0.0
Images/girl.png,196,256,47,gaussian,20.0,20.04013867292144,,L2-Hys,B_taylor_standard,B: Taylor + Standard HOG,0.9405775119544405,0.3447389970604583,0.9405775119544405,0.3447389970604583,1.0,0.0
Images/girl.png,196,256,47,gaussian,20.0,20.04013867292144,,L2-Hys,C_taylor_robust,C: Taylor + Robust HOG,0.9395652632819922,0.34766287325361944,0.9384025093087497,0.35099142637112835,0.9960989881151717,0.08832906525991539
Images/girl.png,196,256,47,gaussian,30.0,30.04013867292144,,L2,A_sobel_standard,A: Sobel + Standard HOG,0.9780251843657173,0.2096416735016329,0.900701935407231,0.445641256152904,1.0,0.0
Images/girl.png,196,256,47,gaussian,30.0,30.04013867292144,,L2,B_taylor_standard,B: Taylor + Standard HOG,0.986169861132532,0.16631379297862214,0.986169861132532,0.16631379297862214,1.0,0.0
Images/girl.png,196,256,47,gaussian,30.0,30.04013867292144,,L2,C_taylor_robust,C: Taylor + Robust HOG,0.9845220504696567,0.17594288579162967,0.9809180781516538,0.19535568508925577,0.9934361598660673,0.11457608942473736
Images/girl.png,196,256,47,gaussian,30.0,30.04013867292144,,L2-Hys,A_sobel_standard,A: Sobel + Standard HOG,0.9782900027190315,0.20837464951947096,0.9118287379274383,0.419931570794694,1.0,0.0
Images/girl.png,196,256,47,gaussian,30.0,30.04013867292144,,L2-Hys,B_taylor_standard,B: Taylor + Standard HOG,0.9847292888169842,0.17476104361733827,0.9847292888169842,0.17476104361733827,1.0,0.0
Images/girl.png,196,256,47,gaussian,30.0,30.04013867292144,,L2-Hys,C_taylor_robust,C: Taylor + Robust HOG,0.9834276071746515,0.18205709448111485,0.9812021027992033,0.19389634963555386,0.9960989881151717,0.08832906525991539
Images/flower.jpg,147,256,11,saltpepper,1.0,,0.009991496598639456,L2,A_sobel_standard,A: Sobel + Standard HOG,0.8167518228617154,0.605389423657685,0.7640832591380684,0.6869013624414285,1.0,0.0
Images/flower.jpg,147,256,11,saltpepper,1.0,,0.009991496598639456,L2,B_taylor_standard,B: Taylor + Standard HOG,0.9534516920731225,0.30511738045178377,0.9534516920731225,0.30511738045178377,1.0,0.0
Images/flower.jpg,147,256,11,saltpepper,1.0,,0.009991496598639456,L2,C_taylor_robust,C: Taylor + Robust HOG,0.9959067891499561,0.09047884669959035,0.9930166890028888,0.11818046367408919,0.9958695957306257,0.09088899019545052
Images/flower.jpg,147,256,11,saltpepper,1.0,,0.009991496598639456,L2-Hys,A_sobel_standard,A: Sobel + Standard HOG,0.8340879662773647,0.5760417237067127,0.7870020615275172,0.6526835963590839,1.0,0.0
Images/flower.jpg,147,256,11,saltpepper,1.0,,0.009991496598639456,L2-Hys,B_taylor_standard,B: Taylor + Standard HOG,0.9626040997441427,0.27348089606451775,0.9626040997441427,0.27348089606451775,1.0,0.0
Images/flower.jpg,147,256,11,saltpepper,1.0,,0.009991496598639456,L2-Hys,C_taylor_robust,C: Taylor + Robust HOG,0.9950479223172984,0.09951962301689873,0.992600756827446,0.12164902936412438,0.9964446259240207,0.08432525216092002
Images/flower.jpg,147,256,11,saltpepper,5.0,,0.05001062925170068,L2,A_sobel_standard,A: Sobel + Standard HOG,0.7388777634465936,0.722664841476902,0.6839309479684795,0.7950711314486774,1.0,0.0
Images/flower.jpg,147,256,11,saltpepper,5.0,,0.05001062925170068,L2,B_taylor_standard,B: Taylor + Standard HOG,0.8289024085167791,0.5849745148008262,0.8289024085167791,0.5849745148008262,1.0,0.0
Images/flower.jpg,147,256,11,saltpepper,5.0,,0.05001062925170068,L2,C_taylor_robust,C: Taylor + Robust HOG,0.9523718499879011,0.30863619363937517,0.9534150592855667,0.30523741813360433,0.9958695957306257,0.09088899019545052
Images/flower.jpg,147,256,11,saltpepper,5.0,,0.05001062925170068,L2-Hys,A_sobel_standard,A: Sobel + Standard HOG,0.750271567815164,0.7067226219708369,0.6966301492919981,0.7789349789712167,1.0,0.0
Images/flower.jpg,147,256,11,saltpepper,5.0,,0.05001062925170068,L2-Hys,B_taylor_standard,B: Taylor + Standard HOG,0.855558503302847,0.5374783655219263,0.855558503302847,0.5374783655219263,1.0,0.0
Images/flower.jpg,147,256,11,saltpepper,5.0,,0.05001062925170068,L2-Hys,C_taylor_robust,C: Taylor + Robust HOG,0.9500834217258556,0.3159638532333762,0.9500321750514733,0.3161260032004164,0.9964446259240207,0.08432525216092002
Images/flower.jpg,147,256,11,saltpepper,10.0,,0.09999468537414966,L2,A_sobel_standard,A: Sobel + Standard HOG,0.6805665770052671,0.7992914649797617,0.6281495202426425,0.8623809828114029,1.0,0.0
Images/flower.jpg,147,256,11,saltpepper,10.0,,0.09999468537414966,L2,B_taylor_standard,B: Taylor + Standard HOG,0.7560578519552792,0.6984871481204726,0.7560578519552792,0.6984871481204726,1.0,0.0
Images/flower.jpg,147,256,11,saltpepper,10.0,,0.09999468537414966,L2,C_taylor_robust,C: Taylor + Robust HOG,0.846334761949165,0.5543739496961341,0.846960610945359,0.5532438685690947,0.9958695957306257,0.09088899019545052
Images/flower.jpg,147,256,11,saltpepper,10.0,,0.09999468537414966,L2-Hys,A_sobel_standard,A: Sobel + Standard HOG,0.7146920434221308,0.7553912318849842,0.663305167721538,0.8206032321564515,1.0,0.0
Images/flower.jpg,147,256,11,saltpepper,10.0,,0.09999468537414966,L2-Hys,B_taylor_standard,B: Taylor + Standard HOG,0.77946526881248,0.6641306064347392,0.77946526881248,0.6641306064347392,1.0,0.0
Images/flower.jpg,147,256,11,saltpepper,10.0,,0.09999468537414966,L2-Hys,C_taylor_robust,C: Taylor + Robust HOG,0.8560196762602218,0.5366196488139792,0.8555028797636498,0.5375818453856376,0.9964446259240207,0.08432525216092002
Images/flower.jpg,147,256,11,gaussian,10.0,10.008453502134998,,L2,A_sobel_standard,A: Sobel + Standard HOG,0.7467582621928793,0.7116765245631358,0.7029562130351924,0.7707707661358543,1.0,0.0
Images/flower.jpg,147,256,11,gaussian,10.0,10.008453502134998,,L2,B_taylor_standard,B: Taylor + Standard HOG,0.7673015636860121,0.6822000239138108,0.7673015636860121,0.6822000239138108,1.0,0.0
Images/flower.jpg,147,256,11,gaussian,10.0,10.008453502134998,,L2,C_taylor_robust,C: Taylor + Robust HOG,0.7658308189147859,0.6843525130884415,0.7662906932570722,0.6836801982549179,0.9958695957306257,0.09088899019545052
Images/flower.jpg,147,256,11,gaussian,10.0,10.008453502134998,,L2-Hys,A_sobel_standard,A: Sobel + Standard HOG,0.7737540898213454,0.6726751224765932,0.7270102881195688,0.7389042047627364,1.0,0.0
Images/flower.jpg,147,256,11,gaussian,10.0,10.008453502134998,,L2-Hys,B_taylor_standard,B: Taylor + Standard HOG,0.785476583713404,0.655016665900206,0.785476583713404,0.655016665900206,1.0,0.0
Images/flower.jpg,147,256,11,gaussian,10.0,10.008453502134998,,L2-Hys,C_taylor_robust,C: Taylor + Robust HOG,0.7861232247817521,0.6540287076787772,0.7851196841945003,0.6555613103633354,0.9964446259240207,0.08432525216092002
Images/flower.jpg,147,256,11,gaussian,20.0,20.008453502134994,,L2,A_sobel_standard,A: Sobel + Standard HOG,0.8309975060736541,0.5813819638178555,0.7802471173204789,0.6629523100186536,1.0,0.0
Images/flower.jpg,147,256,11,gaussian,20.0,20.008453502134994,,L2,B_taylor_standard,B: Taylor + Standard HOG,0.8303562773863122,0.5824838583406371,0.8303562773863122,0.5824838583406371,1.0,0.0
Images/flower.jpg,147,256,11,gaussian,20.0,20.008453502134994,,L2,C_taylor_robust,C: Taylor + Robust HOG,0.8268903039214905,0.5884041061694295,0.8276979320646541,0.5870299275767048,0.9958695957306257,0.09088899019545052
Images/flower.jpg,147,256,11,gaussian,20.0,20.008453502134994,,L2-Hys,A_sobel_standard,A: Sobel + Standard HOG,0.8562427634961339,0.5362037607321165,0.8058552071729643,0.623128867633821,1.0,0.0
Images/flower.jpg,147,256,11,gaussian,20.0,20.008453502134994,,L2-Hys,B_taylor_standard,B: Taylor + Standard HOG,0.8492756876753162,0.549043372297618,0.8492756876753162,0.549043372297618,1.0,0.0
Images/flower.jpg,147,256,11,gaussian,20.0,20.008453502134994,,L2-Hys,C_taylor_robust,C: Taylor + Robust HOG,0.8473202172617079,0.5525934902715998,0.8477230190739341,0.5518640791607583,0.9964446259240207,0.08432525216092002
Images/flower.jpg,147,256,11,gaussian,30.0,30.008453502134994,,L2,A_sobel_standard,A: Sobel + Standard HOG,0.8808625003631969,0.4881342021141472,0.8281850255803607,0.5861995810637349,1.0,0.0
Images/flower.jpg,147,256,11,gaussian,30.0,30.008453502134994,,L2,B_taylor_standard,B: Taylor + Standard HOG,0.9009951358720589,0.4449828404061108,0.9009951358720589,0.4449828404061108,1.0,0.0
Images/flower.jpg,147,256,11,gaussian,30.0,30.008453502134994,,L2,C_taylor_robust,C: Taylor + Robust HOG,0.8981129269961857,0.45141349781285783,0.8971982859048823,0.4534351422091614,0.9958695957306257,0.09088899019545052
Images/flower.jpg,147,256,11,gaussian,30.0,30.008453502134994,,L2-Hys,A_sobel_standard,A: Sobel + Standard HOG,0.9047693307905927,0.43641876497785775,0.8532337907012985,0.5417863219105076,1.0,0.0
Images/flower.jpg,147,256,11,gaussian,30.0,30.008453502134994,,L2-Hys,B_taylor_standard,B: Taylor + Standard HOG,0.9089627934953068,0.42670178463979447,0.9089627934953068,0.42670178463979447,1.0,0.0
Images/flower.jpg,147,256,11,gaussian,30.0,30.008453502134994,,L2-Hys,C_taylor_robust,C: Taylor + Robust HOG,0.9062998414970033,0.43289758258906164,0.9055993236859636,0.43451277614674005,0.9964446259240207,0.08432525216092002
Images/flower.jpg,147,256,29,saltpepper,1.0,,0.009991496598639456,L2,A_sobel_standard,A: Sobel + Standard HOG,0.8223268714142788,0.5961092661345369,0.7658878628328835,0.684269153428868,1.0,0.0
Images/flower.jpg,147,256,29,saltpepper,1.0,,0.009991496598639456,L2,B_taylor_standard,B: Taylor + Standard HOG,0.9648409276747714,0.26517568638632566,0.9648409276747714,0.26517568638632566,1.0,0.0
Images/flower.jpg,147,256,29,saltpepper,1.0,,0.009991496598639456,L2,C_taylor_robust,C: Taylor + Robust HOG,0.9969973709529468,0.077493600342908,0.9939925091346066,0.10961287210354023,0.9958695957306257,0.09088899019545052
Images/flower.jpg,147,256,29,saltpepper,1.0,,0.009991496598639456,L2-Hys,A_sobel_standard,A: Sobel + Standard HOG,0.8381088004470371,0.5690188038287863,0.7899668290013169,0.6481252517897036,1.0,0.0
Images/flower.jpg,147,256,29,saltpepper,1.0,,0.009991496598639456,L2-Hys,B_taylor_standard,B: Taylor + Standard HOG,0.9687582395254524,0.24996703972633907,0.9687582395254524,0.24996703972633907,1.0,0.0
Images/flower.jpg,147,256,29,saltpepper,1.0,,0.009991496598639456,L2-Hys,C_taylor_robust,C: Taylor + Robust HOG,0.996883867748015,0.07894469269038674,0.9943506980789306,0.10629489095072812,0.9964446259240207,0.08432525216092002
Images/flower.jpg,147,256,29,saltpepper,5.0,,0.05001062925170068,L2,A_sobel_standard,A: Sobel + Standard HOG,0.7289255648903569,0.73630759212391,0.6779926779628436,0.8025052299358255,1.0,0.0
Images/flower.jpg,147,256,29,saltpepper,5.0,,0.05001062925170068,L2,B_taylor_standard,B: Taylor + Standard HOG,0.8206789817397488,0.5988672945824668,0.8206789817397488,0.5988672945824668,1.0,0.0
Images/flower.jpg,147,256,29,saltpepper,5.0,,0.05001062925170068,L2,C_taylor_robust,C: Taylor + Robust HOG,0.9545959207810998,0.3013439205257064,0.9542402709147079,0.3025218308991695,0.9958695957306257,0.09088899019545052
Images/flower.jpg,147,256,29,saltpepper,5.0,,0.05001062925170068,L2-Hys,A_sobel_standard,A: Sobel + Standard HOG,0.743083911200202,0.7168208825334096,0.6932940839690374,0.783206123642416,1.0,0.0
Images/flower.jpg,147,256,29,saltpepper,5.0,,0.05001062925170068,L2-Hys,B_taylor_standard,B: Taylor + Standard HOG,0.8593875918996802,0.5303063418517007,0.8593875918996802,0.5303063418517007,1.0,0.0
Images/flower.jpg,147,256,29,saltpepper,5.0,,0.05001062925170068,L2-Hys,C_taylor_robust,C: Taylor + Robust HOG,0.9518322701434965,0.31037954139234136,0.95134158270554,0.3119564626537765,0.9964446259240207,0.08432525216092002
Images/flower.jpg,147,256,29,saltpepper,10.0,,0.09999468537414966,L2,A_sobel_standard,A: Sobel + Standard HOG,0.6757154962594998,0.8053378219610878,0.6240166501450201,0.8671601349866159,1.0,0.0
Images/flower.jpg,147,256,29,saltpepper,10.0,,0.09999468537414966,L2,B_taylor_standard,B: Taylor + Standard HOG,0.7505612297063502,0.7063126365762755,0.7505612297063502,0.7063126365762755,1.0,0.0
Images/flower.jpg,147,256,29,saltpepper,10.0,,0.09999468537414966,L2,C_taylor_robust,C: Taylor + Robust HOG,0.8426671608214861,0.5609506915559058,0.8423384215934256,0.5615364251882188,0.9958695957306257,0.09088899019545052
Images/flower.jpg,147,256,29,saltpepper,10.0,,0.09999468537414966,L2-Hys,A_sobel_standard,A: Sobel + Standard HOG,0.7097172028786705,0.761948550950074,0.659325240720933,0.8254389854045608,1.0,0.0
Images/flower.jpg,147,256,29,saltpepper,10.0,,0.09999468537414966,L2-Hys,B_taylor_standard,B: Taylor + Standard HOG,0.7795994859602942,0.663928481167835,0.7795994859602942,0.663928481167835,1.0,0.0
Images/flower.jpg,147,256,29,saltpepper,10.0,,0.09999468537414966,L2-Hys,C_taylor_robust,C: Taylor + Robust HOG,0.8531769719746489,0.5418911847081224,0.8513859153364455,0.5451863620293458,0.9964446259240207,0.08432525216092002
Images/flower.jpg,147,256,29,gaussian,10.0,10.035193209090778,,L2,A_sobel_standard,A: Sobel + Standard HOG,0.7402939965509913,0.720702439914033,0.6958476860142873,0.7799388616881858,1.0,0.0
Images/flower.jpg,147,256,29,gaussian,10.0,10.035193209090778,,L2,B_taylor_standard,B: Taylor + Standard HOG,0.757039699773922,0.6970800531159859,0.757039699773922,0.6970800531159859,1.0,0.0
Images/flower.jpg,147,256,29,gaussian,10.0,10.035193209090778,,L2,C_taylor_robust,C: Taylor + Robust HOG,0.7573543632341599,0.6966285046793009,0.7583808373323703,0.6951534545230202,0.9958695957306257,0.09088899019545052
Images/flower.jpg,147,256,29,gaussian,10.0,10.035193209090778,,L2-Hys,A_sobel_standard,A: Sobel + Standard HOG,0.7716935040097992,0.6757314496327635,0.7252801226517146,0.7412420352034962,1.0,0.0
Images/flower.jpg,147,256,29,gaussian,10.0,10.035193209090778,,L2-Hys,B_taylor_standard,B: Taylor + Standard HOG,0.7784471754890955,0.6656618128277121,0.7784471754890955,0.6656618128277121,1.0,0.0
Images/flower.jpg,147,256,29,gaussian,10.0,10.035193209090778,,L2-Hys,C_taylor_robust,C: Taylor + Robust HOG,0.7796024494364503,0.6639240176105078,0.7788824857316726,0.6650075402373186,0.9964446259240207,0.08432525216092002
Images/flower.jpg,147,256,29,gaussian,20.0,20.035193209090778,,L2,A_sobel_standard,A: Sobel + Standard HOG,0.8262381035628172,0.5895114866348069,0.773495786285815,0.6730590073896922,1.0,0.0
Images/flower.jpg,147,256,29,gaussian,20.0,20.035193209090778,,L2,B_taylor_standard,B: Taylor + Standard HOG,0.8215797760458646,0.597361237366714,0.8215797760458646,0.597361237366714,1.0,0.0
Images/flower.jpg,147,256,29,gaussian,20.0,20.035193209090778,,L2,C_taylor_robust,C: Taylor + Robust HOG,0.8202719036500251,0.5995466559826491,0.8211781722818495,0.5980331558001794,0.9958695957306257,0.09088899019545052
Images/flower.jpg,147,256,29,gaussian,20.0,20.035193209090778,,L2-Hys,A_sobel_standard,A: Sobel + Standard HOG,0.8518647600013659,0.5443073396648201,0.8010579195310604,0.6307805965330943,1.0,0.0
Images/flower.jpg,147,256,29,gaussian,20.0,20.035193209090778,,L2-Hys,B_taylor_standard,B: Taylor + Standard HOG,0.8451839077370726,0.5564460302137234,0.8451839077370726,0.5564460302137234,1.0,0.0
Images/flower.jpg,147,256,29,gaussian,20.0,20.035193209090778,,L2-Hys,C_taylor_robust,C: Taylor + Robust HOG,0.8444545685833,0.5577551997493977,0.8446836662563985,0.557344298888222,0.9964446259240207,0.08432525216092002
Images/flower.jpg,147,256,29,gaussian,30.0,30.035193209090778,,L2,A_sobel_standard,A: Sobel + Standard HOG,0.8755144457319979,0.49897004773434406,0.8228314819676138,0.5952621574271222,1.0,0.0
Images/flower.jpg,147,256,29,gaussian,30.0,30.035193209090778,,L2,B_taylor_standard,B: Taylor + Standard HOG,0.8957603297694533,0.4565953793689793,0.8957603297694533,0.4565953793689793,1.0,0.0
Images/flower.jpg,147,256,29,gaussian,30.0,30.035193209090778,,L2,C_taylor_robust,C: Taylor + Robust HOG,0.8948003891530466,0.45869294925245846,0.8941553796903116,0.46009699044808394,0.9958695957306257,0.09088899019545052
Images/flower.jpg,147,256,29,gaussian,30.0,30.035193209090778,,L2-Hys,A_sobel_standard,A: Sobel + Standard HOG,0.9004655555164457,0.44617136727178,0.8494654756250626,0.5486975931802525,1.0,0.0
Images/flower.jpg,147,256,29,gaussian,30.0,30.035193209090778,,L2-Hys,B_taylor_standard,B: Taylor + Standard HOG,0.9099369646196883,0.42441261852813855,0.9099369646196883,0.42441261852813855,1.0,0.0
Images/flower.jpg,147,256,29,gaussian,30.0,30.035193209090778,,L2-Hys,C_taylor_robust,C: Taylor + Robust HOG,0.9083208305851724,0.4282036184281416,0.9077442250073137,0.42954807646158905,0.9964446259240207,0.08432525216092002
Images/flower.jpg,147,256,47,saltpepper,1.0,,0.009991496598639456,L2,A_sobel_standard,A: Sobel + Standard HOG,0.8227663123020643,0.5953716279735578,0.7700362946249004,0.6781794826963026,1.0,0.0
Images/flower.jpg,147,256,47,saltpepper,1.0,,0.009991496598639456,L2,B_taylor_standard,B: Taylor + Standard HOG,0.9611798350338081,0.27864014415081434,0.9611798350338081,0.27864014415081434,1.0,0.0
Images/flower.jpg,147,256,47,saltpepper,1.0,,0.009991496598639456,L2,C_taylor_robust,C: Taylor + Robust HOG,0.9967851415495737,0.08018551553025363,0.9938237757154619,0.11114156994156563,0.9958695957306257,0.09088899019545052
Images/flower.jpg,147,256,47,saltpepper,1.0,,0.009991496598639456,L2-Hys,A_sobel_standard,A: Sobel + Standard HOG,0.8372961246201039,0.5704452215299202,0.7902429613607594,0.6476990638334614,1.0,0.0
Images/flower.jpg,147,256,47,saltpepper,1.0,,0.009991496598639456,L2-Hys,B_taylor_standard,B: Taylor + Standard HOG,0.9652895571759069,0.26347843488335804,0.9652895571759069,0.26347843488335804,1.0,0.0
Images/flower.jpg,147,256,47,saltpepper,1.0,,0.009991496598639456,L2-Hys,C_taylor_robust,C: Taylor + Robust HOG,0.9963441272647395,0.08550874499450885,0.9937900833960531,0.11144430540856302,0.9964446259240207,0.08432525216092002
Images/flower.jpg,147,256,47,saltpepper,5.0,,0.05001062925170068,L2,A_sobel_standard,A: Sobel + Standard HOG,0.7283731946868156,0.7370573998179468,0.6739436861187487,0.807534908076761,1.0,0.0
Images/flower.jpg,147,256,47,saltpepper,5.0,,0.05001062925170068,L2,B_taylor_standard,B: Taylor + Standard HOG,0.8374754389563838,0.5701307938422998,0.8374754389563838,0.5701307938422998,1.0,0.0
Images/flower.jpg,147,256,47,saltpepper,5.0,,0.05001062925170068,L2,C_taylor_robust,C: Taylor + Robust HOG,0.9577354411086003,0.2907389168701059,0.9569880008325953,0.29329847993948294,0.9958695957306257,0.09088899019545052
Images/flower.jpg,147,256,47,saltpepper,5.0,,0.05001062925170068,L2-Hys,A_sobel_standard,A: Sobel + Standard HOG,0.7462755180542339,0.712354521237503,0.6956966423696556,0.7801324985599695,1.0,0.0
Images/flower.jpg,147,256,47,saltpepper,5.0,,0.05001062925170068,L2-Hys,B_taylor_standard,B: Taylor + Standard HOG,0.8642889204486662,0.5209819182201774,0.8642889204486662,0.5209819182201774,1.0,0.0
Images/flower.jpg,147,256,47,saltpepper,5.0,,0.05001062925170068,L2-Hys,C_taylor_robust,C: Taylor + Robust HOG,0.9562844052692575,0.29568765524319096,0.955711985229779,0.2976172534359291,0.9964446259240207,0.08432525216092002
Images/flower.jpg,147,256,47,saltpepper,10.0,,0.09999468537414966,L2,A_sobel_standard,A: Sobel + Standard HOG,0.6721941073190798,0.8096985768555292,0.6236460030364074,0.8675874560683965,1.0,0.0
Images/flower.jpg,147,256,47,saltpepper,10.0,,0.09999468537414966,L2,B_taylor_standard,B: Taylor + Standard HOG,0.7597218531660617,0.6932216771480144,0.7597218531660617,0.6932216771480144,1.0,0.0
Images/flower.jpg,147,256,47,saltpepper,10.0,,0.09999468537414966,L2,C_taylor_robust,C: Taylor + Robust HOG,0.8577944921851174,0.5333019928987556,0.8577612809018593,0.533364264078777,0.9958695957306257,0.09088899019545052
Images/flower.jpg,147,256,47,saltpepper,10.0,,0.09999468537414966,L2-Hys,A_sobel_standard,A: Sobel + Standard HOG,0.7102656797567578,0.7612283760742287,0.6620039112086386,0.8221874346230664,1.0,0.0
Images/flower.jpg,147,256,47,saltpepper,10.0,,0.09999468537414966,L2-Hys,B_taylor_standard,B: Taylor + Standard HOG,0.7847221438721544,0.6561674422612607,0.7847221438721544,0.6561674422612607,1.0,0.0
Images/flower.jpg,147,256,47,saltpepper,10.0,,0.09999468537414966,L2-Hys,C_taylor_robust,C: Taylor + Robust HOG,0.8644121588316698,0.5207453142852386,0.862897291174624,0.5236462715096678,0.9964446259240207,0.08432525216092002
Images/flower.jpg,147,256,47,gaussian,10.0,10.010443060042476,,L2,A_sobel_standard,A: Sobel + Standard HOG,0.74061041699631,0.7202632615977318,0.6946020643666696,0.7815343058795934,1.0,0.0
Images/flower.jpg,147,256,47,gaussian,10.0,10.010443060042476,,L2,B_taylor_standard,B: Taylor + Standard HOG,0.7614094214485722,0.6907830029053156,0.7614094214485722,0.6907830029053156,1.0,0.0
Images/flower.jpg,147,256,47,gaussian,10.0,10.010443060042476,,L2,C_taylor_robust,C: Taylor + Robust HOG,0.7600962192259566,0.6926814286150057,0.7616214758008257,0.6904759578713638,0.9958695957306257,0.09088899019545052
Images/flower.jpg,147,256,47,gaussian,10.0,10.010443060042476,,L2-Hys,A_sobel_standard,A: Sobel + Standard HOG,0.7724161189822703,0.6746612202263385,0.7226031809763178,0.7448447073742548,1.0,0.0
Images/flower.jpg,147,256,47,gaussian,10.0,10.010443060042476,,L2-Hys,B_taylor_standard,B: Taylor + Standard HOG,0.7836973731863935,0.6577273399073457,0.7836973731863935,0.6577273399073457,1.0,0.0
Images/flower.jpg,147,256,47,gaussian,10.0,10.010443060042476,,L2-Hys,C_taylor_robust,C: Taylor + Robust HOG,0.7842320607253371,0.6569139049992753,0.7837187724364935,0.6576948039644587,0.9964446259240207,0.08432525216092002
Images/flower.jpg,147,256,47,gaussian,20.0,20.010443060042476,,L2,A_sobel_standard,A: Sobel + Standard HOG,0.8253926954060814,0.5909438291308676,0.7712637665400559,0.6763671095787527,1.0,0.0
Images/flower.jpg,147,256,47,gaussian,20.0,20.010443060042476,,L2,B_taylor_standard,B: Taylor + Standard HOG,0.8263191092641506,0.5893740590420644,0.8263191092641506,0.5893740590420644,1.0,0.0
Images/flower.jpg,147,256,47,gaussian,20.0,20.010443060042476,,L2,C_taylor_robust,C: Taylor + Robust HOG,0.8242577571669654,0.5928612701687437,0.8256656544392627,0.5904817449519458,0.9958695957306257,0.09088899019545052
Images/flower.jpg,147,256,47,gaussian,20.0,20.010443060042476,,L2-Hys,A_sobel_standard,A: Sobel + Standard HOG,0.8519480331636398,0.5441543289257494,0.7987824450484672,0.6343777344204174,1.0,0.0
Images/flower.jpg,147,256,47,gaussian,20.0,20.010443060042476,,L2-Hys,B_taylor_standard,B: Taylor + Standard HOG,0.8510780881501978,0.5457506974009495,0.8510780881501978,0.5457506974009495,1.0,0.0
Images/flower.jpg,147,256,47,gaussian,20.0,20.010443060042476,,L2-Hys,C_taylor_robust,C: Taylor + Robust HOG,0.8493968286382417,0.5488226878845639,0.8500206551856272,0.5476848451836837,0.9964446259240207,0.08432525216092002
Images/flower.jpg,147,256,47,gaussian,30.0,30.010443060042476,,L2,A_sobel_standard,A: Sobel + Standard HOG,0.8751538068573976,0.49969229160075507,0.8202536806553119,0.5995770498354625,1.0,0.0
Images/flower.jpg,147,256,47,gaussian,30.0,30.010443060042476,,L2,B_taylor_standard,B: Taylor + Standard HOG,0.897815551088263,0.4520717839275999,0.897815551088263,0.4520717839275999,1.0,0.0
Images/flower.jpg,147,256,47,gaussian,30.0,30.010443060042476,,L2,C_taylor_robust,C: Taylor + Robust HOG,0.8964028487943556,0.45518600858473246,0.8955415132602879,0.4570743631833138,0.9958695957306257,0.09088899019545052
Images/flower.jpg,147,256,47,gaussian,30.0,30.010443060042476,,L2-Hys,A_sobel_standard,A: Sobel + Standard HOG,0.9001051640638267,0.4469783796543579,0.8466525936235668,0.5538003365519248,1.0,0.0
Images/flower.jpg,147,256,47,gaussian,30.0,30.010443060042476,,L2-Hys,B_taylor_standard,B: Taylor + Standard HOG,0.9110881784797987,0.4216914073651731,0.9110881784797987,0.4216914073651731,1.0,0.0
Images/flower.jpg,147,256,47,gaussian,30.0,30.010443060042476,,L2-Hys,C_taylor_robust,C: Taylor + Robust HOG,0.9092825248871438,0.4259518167949053,0.9085548559174623,0.4276567410569149,0.9964446259240207,0.08432525216092002
Images/clock.png,256,256,11,saltpepper,1.0,,0.0064849853515625,L2,A_sobel_standard,A: Sobel + Standard HOG,0.5974783264984019,1.197595018393409,0.5618215497459126,1.231982000090614,1.0,0.0
Images/clock.png,256,256,11,saltpepper,1.0,,0.0064849853515625,L2,B_taylor_standard,B: Taylor + Standard HOG,0.6315169475571265,1.1652786934885406,0.6315169475571265,1.1652786934885406,1.0,0.0
Images/clock.png,256,256,11,saltpepper,1.0,,0.0064849853515625,L2,C_taylor_robust,C: Taylor + Robust HOG,0.6577571465630707,1.1309644636521257,0.654513361722012,1.1352625351237455,0.99098307277129,0.1342901874936377
Images/clock.png,256,256,11,saltpepper,1.0,,0.0064849853515625,L2-Hys,A_sobel_standard,A: Sobel + Standard HOG,0.5848735324456203,1.2131446719371501,0.5487339787555755,1.2358284698321427,1.0,0.0
Images/clock.png,256,256,11,saltpepper,1.0,,0.0064849853515625,L2-Hys,B_taylor_standard,B: Taylor + Standard HOG,0.6282108257196101,1.1628373149246438,0.6282108257196101,1.1628373149246438,1.0,0.0
Images/clock.png,256,256,11,saltpepper,1.0,,0.0064849853515625,L2-Hys,C_taylor_robust,C: Taylor + Robust HOG,0.6464548845919493,1.1391819016366598,0.64427815291713,1.1420300150831444,0.992847712632421,0.1196017338297472
Images/clock.png,256,256,11,saltpepper,5.0,,0.0313262939453125,L2,A_sobel_standard,A: Sobel + Standard HOG,0.4870659566733551,1.3999150710612511,0.4603068599098214,1.4196402789107916,1.0,0.0
Images/clock.png,256,256,11,saltpepper,5.0,,0.0313262939453125,L2,B_taylor_standard,B: Taylor + Standard HOG,0.5658245861528878,1.297863075424793,0.5658245861528878,1.297863075424793,1.0,0.0
Images/clock.png,256,256,11,saltpepper,5.0,,0.0313262939453125,L2,C_taylor_robust,C: Taylor + Robust HOG,0.5992114069207672,1.2568767438041084,0.6010571678437502,1.2545717921018178,0.99098307277129,0.1342901874936377
Images/clock.png,256,256,11,saltpepper,5.0,,0.0313262939453125,L2-Hys,A_sobel_standard,A: Sobel + Standard HOG,0.4695774538880206,1.4195301012374941,0.4484408746095568,1.4195520463677727,1.0,0.0
Images/clock.png,256,256,11,saltpepper,5.0,,0.0313262939453125,L2-Hys,B_taylor_standard,B: Taylor + Standard HOG,0.5544655905389394,1.2985309223254349,0.5544655905389394,1.2985309223254349,1.0,0.0
Images/clock.png,256,256,11,saltpepper,5.0,,0.0313262939453125,L2-Hys,C_taylor_robust,C: Taylor + Robust HOG,0.5929962076229809,1.2516548825041092,0.5945915361797427,1.2496761105324443,0.992847712632421,0.1196017338297472
Images/clock.png,256,256,11,saltpepper,10.0,,0.0630340576171875,L2,A_sobel_standard,A: Sobel + Standard HOG,0.427554977259915,1.4655894537415146,0.4056164175224791,1.478817573696325,1.0,0.0
Images/clock.png,256,256,11,saltpepper,10.0,,0.0630340576171875,L2,B_taylor_standard,B: Taylor + Standard HOG,0.5281023210528671,1.3426671266196368,0.5281023210528671,1.3426671266196368,1.0,0.0
Images/clock.png,256,256,11,saltpepper,10.0,,0.0630340576171875,L2,C_taylor_robust,C: Taylor + Robust HOG,0.5575624164055857,1.3078076279404929,0.5616086581026563,1.3029469545990975,0.99098307277129,0.1342901874936377
Images/clock.png,256,256,11,saltpepper,10.0,,0.0630340576171875,L2-Hys,A_sobel_standard,A: Sobel + Standard HOG,0.42975018012052046,1.4632192612535477,0.41251499852818796,1.4582830047741944,1.0,0.0
Images/clock.png,256,256,11,saltpepper,10.0,,0.0630340576171875,L2-Hys,B_taylor_standard,B: Taylor + Standard HOG,0.5074219936074427,1.353564549894393,0.5074219936074427,1.353564549894393,1.0,0.0
Images/clock.png,256,256,11,saltpepper,10.0,,0.0630340576171875,L2-Hys,C_taylor_robust,C: Taylor + Robust HOG,0.5424675027012893,1.3127859882599766,0.5453052548613493,1.3094284340303248,0.992847712632421,0.1196017338297472
Images/clock.png,256,256,11,gaussian,10.0,9.994355435375216,,L2,A_sobel_standard,A: Sobel + Standard HOG,0.5238181574048987,1.3577707990853998,0.4973425039306017,1.3781239009780217,1.0,0.0
Images/clock.png,256,256,11,gaussian,10.0,9.994355435375216,,L2,B_taylor_standard,B: Taylor + Standard HOG,0.5560446048821347,1.3096262932176477,0.5560446048821347,1.3096262932176477,1.0,0.0
Images/clock.png,256,256,11,gaussian,10.0,9.994355435375216,,L2,C_taylor_robust,C: Taylor + Robust HOG,0.5529545147167775,1.3133211042759512,0.5572564765294162,1.3081744132751452,0.99098307277129,0.1342901874936377
Images/clock.png,256,256,11,gaussian,10.0,9.994355435375216,,L2-Hys,A_sobel_standard,A: Sobel + Standard HOG,0.5037774526978361,1.3809112267548114,0.48469774759455025,1.3793620892107208,1.0,0.0
Images/clock.png,256,256,11,gaussian,10.0,9.994355435375216,,L2-Hys,B_taylor_standard,B: Taylor + Standard HOG,0.5359919283680217,1.320415749320184,0.5359919283680217,1.320415749320184,1.0,0.0
Images/clock.png,256,256,11,gaussian,10.0,9.994355435375216,,L2-Hys,C_taylor_robust,C: Taylor + Robust HOG,0.5320456195845769,1.3250438915641518,0.5352468646163614,1.321290784751901,0.992847712632421,0.1196017338297472
Images/clock.png,256,256,11,gaussian,20.0,19.994355435375216,,L2,A_sobel_standard,A: Sobel + Standard HOG,0.5879040517287344,1.2809700039020244,0.5559227465756722,1.3097721962192947,1.0,0.0
Images/clock.png,256,256,11,gaussian,20.0,19.994355435375216,,L2,B_taylor_standard,B: Taylor + Standard HOG,0.5962543972872588,1.2605606174466912,0.5962543972872588,1.2605606174466912,1.0,0.0
Images/clock.png,256,256,11,gaussian,20.0,19.994355435375216,,L2,C_taylor_robust,C: Taylor + Robust HOG,0.5945612260852497,1.2626651489361453,0.5953178539869408,1.2617251301668855,0.99098307277129,0.1342901874936377
Images/clock.png,256,256,11,gaussian,20.0,19.994355435375216,,L2-Hys,A_sobel_standard,A: Sobel + Standard HOG,0.5732799458943455,1.2988955441103096,0.5430695436381529,1.3120743872421032,1.0,0.0
Images/clock.png,256,256,11,gaussian,20.0,19.994355435375216,,L2-Hys,B_taylor_standard,B: Taylor + Standard HOG,0.5835428085866413,1.263316845520659,0.5835428085866413,1.263316845520659,1.0,0.0
Images/clock.png,256,256,11,gaussian,20.0,19.994355435375216,,L2-Hys,C_taylor_robust,C: Taylor + Robust HOG,0.5814757410253629,1.265852520198769,0.5822717689055495,1.264876633525376,0.992847712632421,0.1196017338297472
Images/clock.png,256,256,11,gaussian,30.0,29.994355435375212,,L2,A_sobel_standard,A: Sobel + Standard HOG,0.6090465043021941,1.2546018673038928,0.5766630768589192,1.2847008784533696,1.0,0.0
Images/clock.png,256,256,11,gaussian,30.0,29.994355435375212,,L2,B_taylor_standard,B: Taylor + Standard HOG,0.6133797146962501,1.239073765016463,0.6133797146962501,1.239073765016463,1.0,0.0
Images/clock.png,256,256,11,gaussian,30.0,29.994355435375212,,L2,C_taylor_robust,C: Taylor + Robust HOG,0.6124565200135481,1.2402415750349822,0.6111535322230881,1.241887941693143,0.99098307277129,0.1342901874936377
Images/clock.png,256,256,11,gaussian,30.0,29.994355435375212,,L2-Hys,A_sobel_standard,A: Sobel + Standard HOG,0.6027741672037423,1.26248196711879,0.5683817063197353,1.281798467665513,1.0,0.0
Images/clock.png,256,256,11,gaussian,30.0,29.994355435375212,,L2-Hys,B_taylor_standard,B: Taylor + Standard HOG,0.6049363408479455,1.2367680690558729,0.6049363408479455,1.2367680690558729,1.0,0.0
Images/clock.png,256,256,11,gaussian,30.0,29.994355435375212,,L2-Hys,C_taylor_robust,C: Taylor + Robust HOG,0.6036096503018001,1.2384310078894802,0.6028763539196115,1.239349199951134,0.992847712632421,0.1196017338297472
Images/clock.png,256,256,29,saltpepper,1.0,,0.0065765380859375,L2,A_sobel_standard,A: Sobel + Standard HOG,0.5971986318278024,1.1923886934368872,0.5601655018154721,1.2284663967571572,1.0,0.0
Images/clock.png,256,256,29,saltpepper,1.0,,0.0065765380859375,L2,B_taylor_standard,B: Taylor + Standard HOG,0.6350083431466378,1.1546598350676969,0.6350083431466378,1.1546598350676969,1.0,0.0
Images/clock.png,256,256,29,saltpepper,1.0,,0.0065765380859375,L2,C_taylor_robust,C: Taylor + Robust HOG,0.6609035375607584,1.12067232881321,0.6569957859473295,1.1258669974834403,0.99098307277129,0.1342901874936377
Images/clock.png,256,256,29,saltpepper,1.0,,0.0065765380859375,L2-Hys,A_sobel_standard,A: Sobel + Standard HOG,0.5798494417270267,1.213724302364915,0.5452370951582581,1.2345441214574697,1.0,0.0
Images/clock.png,256,256,29,saltpepper,1.0,,0.0065765380859375,L2-Hys,B_taylor_standard,B: Taylor + Standard HOG,0.6276374876164356,1.1575773934780953,0.6276374876164356,1.1575773934780953,1.0,0.0
Images/clock.png,256,256,29,saltpepper,1.0,,0.0065765380859375,L2-Hys,C_taylor_robust,C: Taylor + Robust HOG,0.6497215408740825,1.1289045920760175,0.6467354162615808,1.1328240549268263,0.992847712632421,0.1196017338297472
Images/clock.png,256,256,29,saltpepper,5.0,,0.03173828125,L2,A_sobel_standard,A: Sobel + Standard HOG,0.4850401703563133,1.4022012355575377,0.4578540859490945,1.422347015889009,1.0,0.0
Images/clock.png,256,256,29,saltpepper,5.0,,0.03173828125,L2,B_taylor_standard,B: Taylor + Standard HOG,0.5615433773773387,1.3030255190013356,0.5615433773773387,1.3030255190013356,1.0,0.0
Images/clock.png,256,256,29,saltpepper,5.0,,0.03173828125,L2,C_taylor_robust,C: Taylor + Robust HOG,0.5935598337983014,1.2639081828947152,0.5941499945163352,1.2631757610221481,0.99098307277129,0.1342901874936377
Images/clock.png,256,256,29,saltpepper,5.0,,0.03173828125,L2-Hys,A_sobel_standard,A: Sobel + Standard HOG,0.46727519200997586,1.422092155811632,0.4441469842592109,1.424236623608956,1.0,0.0
Images/clock.png,256,256,29,saltpepper,5.0,,0.03173828125,L2-Hys,B_taylor_standard,B: Taylor + Standard HOG,0.5502779421899,1.3035240252189673,0.5502779421899,1.3035240252189673,1.0,0.0
Images/clock.png,256,256,29,saltpepper,5.0,,0.03173828125,L2-Hys,C_taylor_robust,C: Taylor + Robust HOG,0.5895790723574756,1.2558828483245585,0.5907112021408446,1.25448366100972,0.992847712632421,0.1196017338297472
Images/clock.png,256,256,29,saltpepper,10.0,,0.0637054443359375,L2,A_sobel_standard,A: Sobel + Standard HOG,0.4276295069180382,1.4655090458422453,0.4067910482227004,1.4775714807922353,1.0,0.0
Images/clock.png,256,256,29,saltpepper,10.0,,0.0637054443359375,L2,B_taylor_standard,B: Taylor + Standard HOG,0.5290553405419514,1.341553616380085,0.5290553405419514,1.341553616380085,1.0,0.0
Images/clock.png,256,256,29,saltpepper,10.0,,0.0637054443359375,L2,C_taylor_robust,C: Taylor + Robust HOG,0.5568021293585823,1.3087189315811487,0.5612598071825343,1.303366736634223,0.99098307277129,0.1342901874936377
Images/clock.png,256,256,29,saltpepper,10.0,,0.0637054443359375,L2-Hys,A_sobel_standard,A: Sobel + Standard HOG,0.42803336482772536,1.465073258627396,0.40971056244763465,1.4612632154382441,1.0,0.0
Images/clock.png,256,256,29,saltpepper,10.0,,0.0637054443359375,L2-Hys,B_taylor_standard,B: Taylor + Standard HOG,0.5082878273186846,1.3525718874840051,0.5082878273186846,1.3525718874840051,1.0,0.0
Images/clock.png,256,256,29,saltpepper,10.0,,0.0637054443359375,L2-Hys,C_taylor_robust,C: Taylor + Robust HOG,0.5436552528995757,1.3113817192897168,0.5474485668425497,1.3068868053931533,0.992847712632421,0.1196017338297472
Images/clock.png,256,256,29,gaussian,10.0,10.004446662820687,,L2,A_sobel_standard,A: Sobel + Standard HOG,0.5198197418783972,1.3624190408771213,0.4938122591065445,1.3821350210607497,1.0,0.0
Images/clock.png,256,256,29,gaussian,10.0,10.004446662820687,,L2,B_taylor_standard,B: Taylor + Standard HOG,0.5552770335439434,1.3105450482237673,0.5552770335439434,1.3105450482237673,1.0,0.0
Images/clock.png,256,256,29,gaussian,10.0,10.004446662820687,,L2,C_taylor_robust,C: Taylor + Robust HOG,0.5512255305402707,1.315383917111969,0.55550961155931,1.3102667288171244,0.99098307277129,0.1342901874936377
Images/clock.png,256,256,29,gaussian,10.0,10.004446662820687,,L2-Hys,A_sobel_standard,A: Sobel + Standard HOG,0.5008781842457505,1.3842268990438316,0.48210741387269024,1.3822721786058119,1.0,0.0
Images/clock.png,256,256,29,gaussian,10.0,10.004446662820687,,L2-Hys,B_taylor_standard,B: Taylor + Standard HOG,0.5350248830701004,1.3215513775554504,0.5350248830701004,1.3215513775554504,1.0,0.0
Images/clock.png,256,256,29,gaussian,10.0,10.004446662820687,,L2-Hys,C_taylor_robust,C: Taylor + Robust HOG,0.5306349575271269,1.3266943671502016,0.5337076172660982,1.3230967113464607,0.992847712632421,0.1196017338297472
Images/clock.png,256,256,29,gaussian,20.0,20.00444666282069,,L2,A_sobel_standard,A: Sobel + Standard HOG,0.5861825148475419,1.2830931877760496,0.5547701808974517,1.3111513795090468,1.0,0.0
Images/clock.png,256,256,29,gaussian,20.0,20.00444666282069,,L2,B_taylor_standard,B: Taylor + Standard HOG,0.5970605679598543,1.2595573498502821,0.5970605679598543,1.2595573498502821,1.0,0.0
Images/clock.png,256,256,29,gaussian,20.0,20.00444666282069,,L2,C_taylor_robust,C: Taylor + Robust HOG,0.5951449159540461,1.2619400465323494,0.5958570654053411,1.2610547975146278,0.99098307277129,0.1342901874936377
Images/clock.png,256,256,29,gaussian,20.0,20.00444666282069,,L2-Hys,A_sobel_standard,A: Sobel + Standard HOG,0.5710023350683281,1.3016651152830008,0.5415010520484248,1.3139275089048423,1.0,0.0
Images/clock.png,256,256,29,gaussian,20.0,20.00444666282069,,L2-Hys,B_taylor_standard,B: Taylor + Standard HOG,0.5832138566209093,1.2637207117723006,0.5832138566209093,1.2637207117723006,1.0,0.0
Images/clock.png,256,256,29,gaussian,20.0,20.00444666282069,,L2-Hys,C_taylor_robust,C: Taylor + Robust HOG,0.580523936802648,1.2670183934667005,0.5815065707927397,1.2658147385886178,0.992847712632421,0.1196017338297472
Images/clock.png,256,256,29,gaussian,30.0,30.004446662820683,,L2,A_sobel_standard,A: Sobel + Standard HOG,0.6082805759511414,1.2555667738341265,0.5763026527494957,1.285140742167162,1.0,0.0
Images/clock.png,256,256,29,gaussian,30.0,30.004446662820683,,L2,B_taylor_standard,B: Taylor + Standard HOG,0.6133256034401731,1.2391422442858702,0.6133256034401731,1.2391422442858702,1.0,0.0
Images/clock.png,256,256,29,gaussian,30.0,30.004446662820683,,L2,C_taylor_robust,C: Taylor + Robust HOG,0.6117739080132996,1.2411043494672511,0.6101842507208333,1.2431112455217483,0.99098307277129,0.1342901874936377
Images/clock.png,256,256,29,gaussian,30.0,30.004446662820683,,L2-Hys,A_sobel_standard,A: Sobel + Standard HOG,0.6009055195032914,1.2648201058565558,0.5671495126668898,1.2832888359162522,1.0,0.0
Images/clock.png,256,256,29,gaussian,30.0,30.004446662820683,,L2-Hys,B_taylor_standard,B: Taylor + Standard HOG,0.604268842817216,1.2376050230356626,0.604268842817216,1.2376050230356626,1.0,0.0
Images/clock.png,256,256,29,gaussian,30.0,30.004446662820683,,L2-Hys,C_taylor_robust,C: Taylor + Robust HOG,0.6025660944496701,1.239737484505895,0.6016589581833027,1.2408720534511926,0.992847712632421,0.1196017338297472
Images/clock.png,256,256,47,saltpepper,1.0,,0.0064544677734375,L2,A_sobel_standard,A: Sobel + Standard HOG,0.5986893629513645,1.2016362648743506,0.5642321701968419,1.2345791222149365,1.0,0.0
Images/clock.png,256,256,47,saltpepper,1.0,,0.0064544677734375,L2,B_taylor_standard,B: Taylor + Standard HOG,0.6312588446903208,1.1703662879496324,0.6312588446903208,1.1703662879496324,1.0,0.0
Images/clock.png,256,256,47,saltpepper,1.0,,0.0064544677734375,L2,C_taylor_robust,C: Taylor + Robust HOG,0.6545223137423416,1.1400026483170933,0.6510381580232268,1.144601477550943,0.99098307277129,0.1342901874936377
Images/clock.png,256,256,47,saltpepper,1.0,,0.0064544677734375,L2-Hys,A_sobel_standard,A: Sobel + Standard HOG,0.5864630656538607,1.216746688863491,0.5509515596740642,1.2386016883132416,1.0,0.0
Images/clock.png,256,256,47,saltpepper,1.0,,0.0064544677734375,L2-Hys,B_taylor_standard,B: Taylor + Standard HOG,0.6257947301324582,1.1719216518550624,0.6257947301324582,1.1719216518550624,1.0,0.0
Images/clock.png,256,256,47,saltpepper,1.0,,0.0064544677734375,L2-Hys,C_taylor_robust,C: Taylor + Robust HOG,0.6467791635086966,1.144739372292342,0.6441601795425448,1.1481670314654482,0.992847712632421,0.1196017338297472
Images/clock.png,256,256,47,saltpepper,5.0,,0.0315704345703125,L2,A_sobel_standard,A: Sobel + Standard HOG,0.4857010782750268,1.4014557897601725,0.45989852323167435,1.4200912531855645,1.0,0.0
Images/clock.png,256,256,47,saltpepper,5.0,,0.0315704345703125,L2,B_taylor_standard,B: Taylor + Standard HOG,0.5605099953961756,1.3042685487695498,0.5605099953961756,1.3042685487695498,1.0,0.0
Images/clock.png,256,256,47,saltpepper,5.0,,0.0315704345703125,L2,C_taylor_robust,C: Taylor + Robust HOG,0.5947417659448123,1.2624409135494024,0.5953177927447585,1.2617252062745086,0.99098307277129,0.1342901874936377
Images/clock.png,256,256,47,saltpepper,5.0,,0.0315704345703125,L2-Hys,A_sobel_standard,A: Sobel + Standard HOG,0.4717716600765537,1.417083984491303,0.45098717533211424,1.4167667499257715,1.0,0.0
Images/clock.png,256,256,47,saltpepper,5.0,,0.0315704345703125,L2-Hys,B_taylor_standard,B: Taylor + Standard HOG,0.5495756878111304,1.3043594801723377,0.5495756878111304,1.3043594801723377,1.0,0.0
Images/clock.png,256,256,47,saltpepper,5.0,,0.0315704345703125,L2-Hys,C_taylor_robust,C: Taylor + Robust HOG,0.5877750716062042,1.2581091785919525,0.5887939280323795,1.2568522852369541,0.992847712632421,0.1196017338297472
Images/clock.png,256,256,47,saltpepper,10.0,,0.063079833984375,L2,A_sobel_standard,A: Sobel + Standard HOG,0.42645074068642774,1.4667802662860692,0.40571754321007975,1.4787103370318706,1.0,0.0
Images/clock.png,256,256,47,saltpepper,10.0,,0.063079833984375,L2,B_taylor_standard,B: Taylor + Standard HOG,0.5270665115137078,1.3438763226109387,0.5270665115137078,1.3438763226109387,1.0,0.0
Images/clock.png,256,256,47,saltpepper,10.0,,0.063079833984375,L2,C_taylor_robust,C: Taylor + Robust HOG,0.5596928519759427,1.3052506323855675,0.5637282951443913,1.3003934231712897,0.99098307277129,0.1342901874936377
Images/clock.png,256,256,47,saltpepper,10.0,,0.063079833984375,L2-Hys,A_sobel_standard,A: Sobel + Standard HOG,0.42954510837116944,1.463440842780771,0.41226452218948595,1.458549427950706,1.0,0.0
Images/clock.png,256,256,47,saltpepper,10.0,,0.063079833984375,L2-Hys,B_taylor_standard,B: Taylor + Standard HOG,0.5068366051199276,1.3542352747402813,0.5068366051199276,1.3542352747402813,1.0,0.0
Images/clock.png,256,256,47,saltpepper,10.0,,0.063079833984375,L2-Hys,C_taylor_robust,C: Taylor + Robust HOG,0.5439278623092324,1.311059202816724,0.5473032359315636,1.307059301041249,0.992847712632421,0.1196017338297472
Images/clock.png,256,256,47,gaussian,10.0,10.029352605514175,,L2,A_sobel_standard,A: Sobel + Standard HOG,0.5224040831487954,1.3594165065493728,0.4975236605748073,1.3779177529659075,1.0,0.0
Images/clock.png,256,256,47,gaussian,10.0,10.029352605514175,,L2,B_taylor_standard,B: Taylor + Standard HOG,0.5582258235143619,1.3070119284680897,0.5582258235143619,1.3070119284680897,1.0,0.0
Images/clock.png,256,256,47,gaussian,10.0,10.029352605514175,,L2,C_taylor_robust,C: Taylor + Robust HOG,0.5535582362267857,1.3126000538655618,0.5576875651892037,1.3076575598295086,0.99098307277129,0.1342901874936377
Images/clock.png,256,256,47,gaussian,10.0,10.029352605514175,,L2-Hys,A_sobel_standard,A: Sobel + Standard HOG,0.5038195129489093,1.3808630670657176,0.48492504713887075,1.3791064383230227,1.0,0.0
Images/clock.png,256,256,47,gaussian,10.0,10.029352605514175,,L2-Hys,B_taylor_standard,B: Taylor + Standard HOG,0.5380287916022726,1.3180206031575692,0.5380287916022726,1.3180206031575692,1.0,0.0
Images/clock.png,256,256,47,gaussian,10.0,10.029352605514175,,L2-Hys,C_taylor_robust,C: Taylor + Robust HOG,0.5331267645402946,1.3237775582974673,0.5365110686317387,1.3198057053600163,0.992847712632421,0.1196017338297472
Images/clock.png,256,256,47,gaussian,20.0,20.029352605514173,,L2,A_sobel_standard,A: Sobel + Standard HOG,0.5866272857247361,1.2825449853741817,0.5560799277758729,1.3095839974834924,1.0,0.0
Images/clock.png,256,256,47,gaussian,20.0,20.029352605514173,,L2,B_taylor_standard,B: Taylor + Standard HOG,0.5965065065003617,1.2602469570531885,0.5965065065003617,1.2602469570531885,1.0,0.0
Images/clock.png,256,256,47,gaussian,20.0,20.029352605514173,,L2,C_taylor_robust,C: Taylor + Robust HOG,0.5940576158906598,1.2632904360293171,0.5947090785074292,1.2624815151655535,0.99098307277129,0.1342901874936377
Images/clock.png,256,256,47,gaussian,20.0,20.029352605514173,,L2-Hys,A_sobel_standard,A: Sobel + Standard HOG,0.5732120186881128,1.2989782289156897,0.5431961567587789,1.311924683791994,1.0,0.0
Images/clock.png,256,256,47,gaussian,20.0,20.029352605514173,,L2-Hys,B_taylor_standard,B: Taylor + Standard HOG,0.5830361497453361,1.2639388352566028,0.5830361497453361,1.2639388352566028,1.0,0.0
Images/clock.png,256,256,47,gaussian,20.0,20.029352605514173,,L2-Hys,C_taylor_robust,C: Taylor + Robust HOG,0.5803267865819529,1.2672597503907461,0.5811633671761676,1.2662352679759996,0.992847712632421,0.1196017338297472
Images/clock.png,256,256,47,gaussian,30.0,30.029352605514173,,L2,A_sobel_standard,A: Sobel + Standard HOG,0.6085106319921721,1.2552770301718656,0.5760926156484167,1.2853970032703392,1.0,0.0
Images/clock.png,256,256,47,gaussian,30.0,30.029352605514173,,L2,B_taylor_standard,B: Taylor + Standard HOG,0.613002781524567,1.239550705609144,0.613002781524567,1.239550705609144,1.0,0.0
Images/clock.png,256,256,47,gaussian,30.0,30.029352605514173,,L2,C_taylor_robust,C: Taylor + Robust HOG,0.6112000030031229,1.2418292619359887,0.609996927874471,1.2433475218143297,0.99098307277129,0.1342901874936377
Images/clock.png,256,256,47,gaussian,30.0,30.029352605514173,,L2-Hys,A_sobel_standard,A: Sobel + Standard HOG,0.6025307133289423,1.2627868331792138,0.5680914012602245,1.282149754706297,1.0,0.0
Images/clock.png,256,256,47,gaussian,30.0,30.029352605514173,,L2-Hys,B_taylor_standard,B: Taylor + Standard HOG,0.6043186532844138,1.2375425868609393,0.6043186532844138,1.2375425868609393,1.0,0.0
Images/clock.png,256,256,47,gaussian,30.0,30.029352605514173,,L2-Hys,C_taylor_robust,C: Taylor + Robust HOG,0.6022572845546026,1.2401238342128946,0.601406440877918,1.2411876961065977,0.992847712632421,0.1196017338297472
